char,txt_file,image_group_id,work_id,reference
༄༅,I1PD106653.txt,I1PD106653,W1PD96684,"{""I1PD1066530001.tif"": [[0, 1]]}"
་,I1PD106653.txt,I1PD106653,W1PD96684,"{""I1PD1066530001.tif"": [[7, 1], [11, 1], [14, 1], [19, 1], [23, 1], [28, 1], [32, 1], [173, 6], [185, 8]]}"
།།,I1PD106653.txt,I1PD106653,W1PD96684,"{""I1PD1066530001.tif"": [[2, 1], [36, 1]]}"
ུ,I1PD106653.txt,I1PD106653,W1PD96684,"{""I1PD1066530001.tif"": [[179, 7]]}"
ེ,I1PD106653.txt,I1PD106653,W1PD96684,"{""I1PD1066530001.tif"": [[22, 1], [31, 1], [172, 6]]}"
ོ,I1PD106653.txt,I1PD106653,W1PD96684,"{""I1PD1066530001.tif"": [[5, 1], [25, 1]]}"
ྟ,I1PD106653.txt,I1PD106653,W1PD96684,"{""I1PD1066530001.tif"": [[17, 1], [30, 1]]}"
ྱ,I1PD106653.txt,I1PD106653,W1PD96684,"{""I1PD1066530001.tif"": [[9, 1], [178, 7]]}"
༄༅,I1PD106653.txt,I1PD106653,W1PD96684,"{""I1PD1066530004.jpg"": [[0, 1]]}"
་,I1PD106653.txt,I1PD106653,W1PD96684,"{""I1PD1066530004.jpg"": [[9, 1]]}"
།།,I1PD106653.txt,I1PD106653,W1PD96684,"{""I1PD1066530004.jpg"": [[193, 3], [650, 8]]}"
ཤྲཱ,I1PD106653.txt,I1PD106653,W1PD96684,"{""I1PD1066530004.jpg"": [[27, 1]]}"
ུ,I1PD106653.txt,I1PD106653,W1PD96684,"{""I1PD1066530004.jpg"": [[18, 1], [25, 1], [72, 1], [144, 2], [149, 2], [197, 3], [206, 3], [243, 4], [269, 4]]}"
ེ,I1PD106653.txt,I1PD106653,W1PD96684,"{""I1PD1066530004.jpg"": [[84, 2], [87, 2], [91, 2], [172, 3], [238, 4], [258, 4], [261, 4]]}"
ོ,I1PD106653.txt,I1PD106653,W1PD96684,"{""I1PD1066530004.jpg"": [[66, 1], [100, 2], [124, 2], [140, 2], [167, 3], [186, 3], [220, 3], [230, 4]]}"
ྐ,I1PD106653.txt,I1PD106653,W1PD96684,"{""I1PD1066530004.jpg"": [[14, 1], [69, 1]]}"
ྒ,I1PD106653.txt,I1PD106653,W1PD96684,"{""I1PD1066530004.jpg"": [[7, 1], [250, 4], [281, 4], [292, 4], [326, 5]]}"
ྗ,I1PD106653.txt,I1PD106653,W1PD96684,"{""I1PD1066530004.jpg"": [[123, 2], [260, 4], [355, 5], [430, 6], [507, 7], [587, 8]]}"
ྙ,I1PD106653.txt,I1PD106653,W1PD96684,"{""I1PD1066530004.jpg"": [[33, 1], [582, 8]]}"
ྟ,I1PD106653.txt,I1PD106653,W1PD96684,"{""I1PD1066530004.jpg"": [[237, 4]]}"
ྠ,I1PD106653.txt,I1PD106653,W1PD96684,"{""I1PD1066530004.jpg"": [[49, 1]]}"
ྡ,I1PD106653.txt,I1PD106653,W1PD96684,"{""I1PD1066530004.jpg"": [[181, 3], [185, 3], [257, 4], [352, 5], [402, 6], [427, 6], [503, 7]]}"
ྣ,I1PD106653.txt,I1PD106653,W1PD96684,"{""I1PD1066530004.jpg"": [[211, 3], [288, 4], [612, 8]]}"
ྤ,I1PD106653.txt,I1PD106653,W1PD96684,"{""I1PD1066530004.jpg"": [[310, 4]]}"
ྩ,I1PD106653.txt,I1PD106653,W1PD96684,"{""I1PD1066530004.jpg"": [[511, 7]]}"
ྫ,I1PD106653.txt,I1PD106653,W1PD96684,"{""I1PD1066530004.jpg"": [[24, 1], [188, 3]]}"
ྭ,I1PD106653.txt,I1PD106653,W1PD96684,"{""I1PD1066530004.jpg"": [[38, 1]]}"
ྱ,I1PD106653.txt,I1PD106653,W1PD96684,"{""I1PD1066530004.jpg"": [[8, 1], [41, 1], [148, 2], [159, 3], [216, 3], [251, 4], [268, 4], [282, 4]]}"
ྲ,I1PD106653.txt,I1PD106653,W1PD96684,"{""I1PD1066530004.jpg"": [[28, 1], [391, 5], [522, 7], [597, 8], [653, 8]]}"
ླ,I1PD106653.txt,I1PD106653,W1PD96684,"{""I1PD1066530004.jpg"": [[410, 6]]}"
༄༅,I1PD106653.txt,I1PD106653,W1PD96684,"{""I1PD1066530005.jpg"": [[30, 2]]}"
ྐ,I1PD106653.txt,I1PD106653,W1PD96684,"{""I1PD1066530005.jpg"": [[225, 3], [622, 6], [700, 7], [965, 8]]}"
ྒ,I1PD106653.txt,I1PD106653,W1PD96684,"{""I1PD1066530005.jpg"": [[62, 2], [158, 2], [295, 3], [348, 4], [505, 5]]}"
ྔ,I1PD106653.txt,I1PD106653,W1PD96684,"{""I1PD1066530005.jpg"": [[209, 3], [1003, 8]]}"
ྗ,I1PD106653.txt,I1PD106653,W1PD96684,"{""I1PD1066530005.jpg"": [[814, 7], [989, 8]]}"
ྟ,I1PD106653.txt,I1PD106653,W1PD96684,"{""I1PD1066530005.jpg"": [[218, 3], [337, 3], [489, 5], [704, 7], [900, 8], [1106, 9], [1172, 10]]}"
ྡ,I1PD106653.txt,I1PD106653,W1PD96684,"{""I1PD1066530005.jpg"": [[50, 2], [130, 2], [485, 5]]}"
ྣ,I1PD106653.txt,I1PD106653,W1PD96684,"{""I1PD1066530005.jpg"": [[98, 2], [843, 7], [874, 8], [1022, 9], [1255, 10]]}"
ྤ,I1PD106653.txt,I1PD106653,W1PD96684,"{""I1PD1066530005.jpg"": [[204, 3], [1232, 10]]}"
ྦ,I1PD106653.txt,I1PD106653,W1PD96684,"{""I1PD1066530005.jpg"": [[184, 3]]}"
ྨ,I1PD106653.txt,I1PD106653,W1PD96684,"{""I1PD1066530005.jpg"": [[250, 3], [438, 5]]}"
ྩ,I1PD106653.txt,I1PD106653,W1PD96684,"{""I1PD1066530005.jpg"": [[282, 3]]}"
ྫ,I1PD106653.txt,I1PD106653,W1PD96684,"{""I1PD1066530005.jpg"": [[148, 2], [315, 3], [496, 5], [913, 8], [1136, 9]]}"
ྲ,I1PD106653.txt,I1PD106653,W1PD96684,"{""I1PD1066530005.jpg"": [[67, 2], [301, 3], [305, 3], [386, 5], [458, 5]]}"
ླ,I1PD106653.txt,I1PD106653,W1PD96684,"{""I1PD1066530005.jpg"": [[450, 5], [529, 6]]}"
ྷ,I1PD106653.txt,I1PD106653,W1PD96684,"{""I1PD1066530005.jpg"": [[106, 2]]}"
།།,I1PD106653.txt,I1PD106653,W1PD96684,"{""I1PD1066530006.jpg"": [[330, 3], [905, 10], [1189, 12], [1192, 12]]}"
ྐ,I1PD106653.txt,I1PD106653,W1PD96684,"{""I1PD1066530006.jpg"": [[36, 2], [195, 3], [254, 3], [660, 7]]}"
ྔ,I1PD106653.txt,I1PD106653,W1PD96684,"{""I1PD1066530006.jpg"": [[93, 2], [938, 10], [965, 10], [1198, 12]]}"
ྗ,I1PD106653.txt,I1PD106653,W1PD96684,"{""I1PD1066530006.jpg"": [[8, 2], [224, 3]]}"
ྙ,I1PD106653.txt,I1PD106653,W1PD96684,"{""I1PD1066530006.jpg"": [[422, 5], [616, 7]]}"
ྣ,I1PD106653.txt,I1PD106653,W1PD96684,"{""I1PD1066530006.jpg"": [[285, 3], [315, 3]]}"
ྤ,I1PD106653.txt,I1PD106653,W1PD96684,"{""I1PD1066530006.jpg"": [[88, 2]]}"
ྦ,I1PD106653.txt,I1PD106653,W1PD96684,"{""I1PD1066530006.jpg"": [[60, 2], [378, 5]]}"
ྩ,I1PD106653.txt,I1PD106653,W1PD96684,"{""I1PD1066530006.jpg"": [[743, 9], [815, 9]]}"
ྫ,I1PD106653.txt,I1PD106653,W1PD96684,"{""I1PD1066530006.jpg"": [[176, 3]]}"
ླ,I1PD106653.txt,I1PD106653,W1PD96684,"{""I1PD1066530006.jpg"": [[505, 5]]}"
ྶ,I1PD106653.txt,I1PD106653,W1PD96684,"{""I1PD1066530006.jpg"": [[986, 10]]}"
༄༅,I1PD106653.txt,I1PD106653,W1PD96684,"{""I1PD1066530007.jpg"": [[176, 1], [181, 2]]}"
༈,I1PD106653.txt,I1PD106653,W1PD96684,"{""I1PD1066530007.jpg"": [[765, 5]]}"
།།,I1PD106653.txt,I1PD106653,W1PD96684,"{""I1PD1066530007.jpg"": [[267, 2], [500, 3]]}"
རྞ,I1PD106653.txt,I1PD106653,W1PD96684,"{""I1PD1066530007.jpg"": [[100, 1]]}"
ྕ,I1PD106653.txt,I1PD106653,W1PD96684,"{""I1PD1066530007.jpg"": [[953, 6]]}"
ྙ,I1PD106653.txt,I1PD106653,W1PD96684,"{""I1PD1066530007.jpg"": [[151, 1], [982, 6]]}"
ྞ,I1PD106653.txt,I1PD106653,W1PD96684,"{""I1PD1066530007.jpg"": [[101, 1]]}"
ྦ,I1PD106653.txt,I1PD106653,W1PD96684,"{""I1PD1066530007.jpg"": [[437, 3], [1152, 7]]}"
ྩ,I1PD106653.txt,I1PD106653,W1PD96684,"{""I1PD1066530007.jpg"": [[1244, 8]]}"
ྪ,I1PD106653.txt,I1PD106653,W1PD96684,"{""I1PD1066530007.jpg"": [[127, 1]]}"
ྫ,I1PD106653.txt,I1PD106653,W1PD96684,"{""I1PD1066530007.jpg"": [[221, 2], [303, 2]]}"
ྭ,I1PD106653.txt,I1PD106653,W1PD96684,"{""I1PD1066530007.jpg"": [[50, 1], [166, 1]]}"
ྰ,I1PD106653.txt,I1PD106653,W1PD96684,"{""I1PD1066530007.jpg"": [[51, 1]]}"
ླ,I1PD106653.txt,I1PD106653,W1PD96684,"{""I1PD1066530007.jpg"": [[646, 4], [958, 6]]}"
ྵ,I1PD106653.txt,I1PD106653,W1PD96684,"{""I1PD1066530007.jpg"": [[118, 1]]}"
ྷ,I1PD106653.txt,I1PD106653,W1PD96684,"{""I1PD1066530007.jpg"": [[77, 1], [85, 1], [97, 1]]}"
ྔ,I1PD106653.txt,I1PD106653,W1PD96684,"{""I1PD1066530008.jpg"": [[453, 5], [649, 7], [654, 7], [678, 7]]}"
ྙ,I1PD106653.txt,I1PD106653,W1PD96684,"{""I1PD1066530008.jpg"": [[82, 1]]}"
ྤ,I1PD106653.txt,I1PD106653,W1PD96684,"{""I1PD1066530008.jpg"": [[1043, 9]]}"
ྨ,I1PD106653.txt,I1PD106653,W1PD96684,"{""I1PD1066530008.jpg"": [[26, 1], [1093, 10]]}"
ླ,I1PD106653.txt,I1PD106653,W1PD96684,"{""I1PD1066530008.jpg"": [[97, 1], [124, 1], [445, 5], [1119, 10]]}"
ྙ,I1PD106653.txt,I1PD106653,W1PD96684,"{""I1PD1066530009.jpg"": [[581, 5]]}"
ྨ,I1PD106653.txt,I1PD106653,W1PD96684,"{""I1PD1066530009.jpg"": [[367, 4]]}"
ྕ,I1PD106653.txt,I1PD106653,W1PD96684,"{""I1PD1066530010.jpg"": [[966, 9]]}"
ྤ,I1PD106653.txt,I1PD106653,W1PD96684,"{""I1PD1066530010.jpg"": [[164, 2]]}"
ྨ,I1PD106653.txt,I1PD106653,W1PD96684,"{""I1PD1066530010.jpg"": [[619, 6]]}"
ྩ,I1PD106653.txt,I1PD106653,W1PD96684,"{""I1PD1066530010.jpg"": [[1065, 9]]}"
༄༅,I1PD106653.txt,I1PD106653,W1PD96684,"{""I1PD1066530011.jpg"": [[0, 1]]}"
ྙ,I1PD106653.txt,I1PD106653,W1PD96684,"{""I1PD1066530011.jpg"": [[80, 1], [148, 1]]}"
ྤ,I1PD106653.txt,I1PD106653,W1PD96684,"{""I1PD1066530011.jpg"": [[229, 4], [683, 7], [768, 7]]}"
ྨ,I1PD106653.txt,I1PD106653,W1PD96684,"{""I1PD1066530011.jpg"": [[1138, 9]]}"
ྩ,I1PD106653.txt,I1PD106653,W1PD96684,"{""I1PD1066530011.jpg"": [[746, 7]]}"
༈,I1PD106653.txt,I1PD106653,W1PD96684,"{""I1PD1066530012.jpg"": [[457, 5]]}"
ྤ,I1PD106653.txt,I1PD106653,W1PD96684,"{""I1PD1066530012.jpg"": [[484, 5]]}"
ྦ,I1PD106653.txt,I1PD106653,W1PD96684,"{""I1PD1066530012.jpg"": [[532, 5]]}"
ྩ,I1PD106653.txt,I1PD106653,W1PD96684,"{""I1PD1066530012.jpg"": [[278, 2]]}"
ྷ,I1PD106653.txt,I1PD106653,W1PD96684,"{""I1PD1066530012.jpg"": [[923, 8]]}"
༄༅,I1PD106653.txt,I1PD106653,W1PD96684,"{""I1PD1066530013.jpg"": [[3, 2], [132, 3]]}"
༈,I1PD106653.txt,I1PD106653,W1PD96684,"{""I1PD1066530013.jpg"": [[444, 6]]}"
༽,I1PD106653.txt,I1PD106653,W1PD96684,"{""I1PD1066530013.jpg"": [[605, 7]]}"
ྦ,I1PD106653.txt,I1PD106653,W1PD96684,"{""I1PD1066530013.jpg"": [[313, 4]]}"
ྷ,I1PD106653.txt,I1PD106653,W1PD96684,"{""I1PD1066530013.jpg"": [[1138, 10]]}"
༼,I1PD106653.txt,I1PD106653,W1PD96684,"{""I1PD1066530014.jpg"": [[649, 8]]}"
སྣྲ,I1PD106653.txt,I1PD106653,W1PD96684,"{""I1PD1066530014.jpg"": [[114, 2], [130, 2]]}"
ྨ,I1PD106653.txt,I1PD106653,W1PD96684,"{""I1PD1066530014.jpg"": [[105, 2], [169, 3], [309, 3]]}"
༄༅,I1PD106653.txt,I1PD106653,W1PD96684,"{""I1PD1066530015.jpg"": [[0, 1], [155, 2]]}"
༈,I1PD106653.txt,I1PD106653,W1PD96684,"{""I1PD1066530015.jpg"": [[157, 2]]}"
ྕ,I1PD106653.txt,I1PD106653,W1PD96684,"{""I1PD1066530015.jpg"": [[864, 8]]}"
ྦ,I1PD106653.txt,I1PD106653,W1PD96684,"{""I1PD1066530015.jpg"": [[513, 5], [991, 9]]}"
ྩ,I1PD106653.txt,I1PD106653,W1PD96684,"{""I1PD1066530015.jpg"": [[931, 8]]}"
༈,I1PD106653.txt,I1PD106653,W1PD96684,"{""I1PD1066530016.jpg"": [[771, 7]]}"
ྩ,I1PD106653.txt,I1PD106653,W1PD96684,"{""I1PD1066530016.jpg"": [[114, 1]]}"
ྦ,I1PD106653.txt,I1PD106653,W1PD96684,"{""I1PD1066530017.jpg"": [[568, 5]]}"
༼,I1PD106653.txt,I1PD106653,W1PD96684,"{""I1PD1066530018.jpg"": [[163, 2], [165, 2]]}"
༽,I1PD106653.txt,I1PD106653,W1PD96684,"{""I1PD1066530018.jpg"": [[162, 2], [164, 2]]}"
ྷ,I1PD106653.txt,I1PD106653,W1PD96684,"{""I1PD1066530018.jpg"": [[647, 6], [660, 6], [667, 7], [672, 7]]}"
༈,I1PD106653.txt,I1PD106653,W1PD96684,"{""I1PD1066530019.jpg"": [[773, 8]]}"
ཅྭ,I1PD106653.txt,I1PD106653,W1PD96684,"{""I1PD1066530019.jpg"": [[522, 5]]}"
ྭ,I1PD106653.txt,I1PD106653,W1PD96684,"{""I1PD1066530019.jpg"": [[523, 5]]}"
༼,I1PD106653.txt,I1PD106653,W1PD96684,"{""I1PD1066530024.jpg"": [[1165, 11]]}"
༽,I1PD106653.txt,I1PD106653,W1PD96684,"{""I1PD1066530024.jpg"": [[159, 2]]}"
གྒ,I1PD106653.txt,I1PD106653,W1PD96684,"{""I1PD1066530025.jpg"": [[643, 6]]}"
༈,I1PD106653.txt,I1PD106653,W1PD96684,"{""I1PD1066530027.jpg"": [[478, 8]]}"
༈,I1PD106653.txt,I1PD106653,W1PD96684,"{""I1PD1066530030.jpg"": [[303, 6]]}"
༈,I1PD106653.txt,I1PD106653,W1PD96684,"{""I1PD1066530031.jpg"": [[616, 7]]}"
ྭ,I1PD106653.txt,I1PD106653,W1PD96684,"{""I1PD1066530031.jpg"": [[570, 6]]}"
ྕ,I1PD106653.txt,I1PD106653,W1PD96684,"{""I1PD1066530032.jpg"": [[494, 4]]}"
༈,I1PD106653.txt,I1PD106653,W1PD96684,"{""I1PD1066530033.jpg"": [[499, 5]]}"
༽,I1PD106653.txt,I1PD106653,W1PD96684,"{""I1PD1066530036.jpg"": [[976, 7]]}"
ྭ,I1PD106653.txt,I1PD106653,W1PD96684,"{""I1PD1066530036.jpg"": [[208, 2]]}"
ྕ,I1PD106653.txt,I1PD106653,W1PD96684,"{""I1PD1066530037.jpg"": [[460, 4]]}"
༽,I1PD106653.txt,I1PD106653,W1PD96684,"{""I1PD1066530039.jpg"": [[313, 2]]}"
ྕ,I1PD106653.txt,I1PD106653,W1PD96684,"{""I1PD1066530043.jpg"": [[457, 3], [499, 4], [685, 6], [773, 6], [1040, 8]]}"
༽,I1PD106653.txt,I1PD106653,W1PD96684,"{""I1PD1066530048.jpg"": [[893, 7]]}"
ཤྲཱ,I1PD106653.txt,I1PD106653,W1PD96684,"{""I1PD1066530048.jpg"": [[45, 1]]}"
ྰ,I1PD106653.txt,I1PD106653,W1PD96684,"{""I1PD1066530050.jpg"": [[1284, 10]]}"
ྭ,I1PD106653.txt,I1PD106653,W1PD96684,"{""I1PD1066530051.jpg"": [[692, 5]]}"
ྭ,I1PD106653.txt,I1PD106653,W1PD96684,"{""I1PD1066530052.jpg"": [[332, 2]]}"
ྭ,I1PD106653.txt,I1PD106653,W1PD96684,"{""I1PD1066530057.jpg"": [[186, 2]]}"
གྭ,I1PD106653.txt,I1PD106653,W1PD96684,"{""I1PD1066530059.jpg"": [[514, 4]]}"
ྭ,I1PD106653.txt,I1PD106653,W1PD96684,"{""I1PD1066530059.jpg"": [[515, 4]]}"
ཅྭ,I1PD106653.txt,I1PD106653,W1PD96684,"{""I1PD1066530063.jpg"": [[1461, 10]]}"
བྡ,I1PD106653.txt,I1PD106653,W1PD96684,"{""I1PD1066530071.jpg"": [[692, 5]]}"
ཟྭ,I1PD106653.txt,I1PD106653,W1PD96684,"{""I1PD1066530076.jpg"": [[880, 7]]}"
ྶ,I1PD106653.txt,I1PD106653,W1PD96684,"{""I1PD1066530090.jpg"": [[560, 4]]}"
ྰ,I1PD106653.txt,I1PD106653,W1PD96684,"{""I1PD1066530095.jpg"": [[326, 3]]}"
ༀ,I1PD106653.txt,I1PD106653,W1PD96684,"{""I1PD1066530100.jpg"": [[1114, 8]]}"
ྜ,I1PD106653.txt,I1PD106653,W1PD96684,"{""I1PD1066530100.jpg"": [[1217, 9]]}"
ངྱ,I1PD106653.txt,I1PD106653,W1PD96684,"{""I1PD1066530101.jpg"": [[220, 7]]}"
ཊྚཱ,I1PD106653.txt,I1PD106653,W1PD96684,"{""I1PD1066530112.jpg"": [[728, 6]]}"
ྚ,I1PD106653.txt,I1PD106653,W1PD96684,"{""I1PD1066530112.jpg"": [[729, 6]]}"
ཎཱུ,I1PD106653.txt,I1PD106653,W1PD96684,"{""I1PD1066530114.jpg"": [[1138, 11]]}"
དྱུ,I1PD106653.txt,I1PD106653,W1PD96684,"{""I1PD1066530114.jpg"": [[328, 4]]}"
རྞ,I1PD106653.txt,I1PD106653,W1PD96684,"{""I1PD1066530114.jpg"": [[1286, 12]]}"
ྞ,I1PD106653.txt,I1PD106653,W1PD96684,"{""I1PD1066530114.jpg"": [[1287, 12]]}"
ྜ,I1PD106653.txt,I1PD106653,W1PD96684,"{""I1PD1066530115.jpg"": [[1104, 9]]}"
༽,I1PD106653.txt,I1PD106653,W1PD96684,"{""I1PD1066530117.jpg"": [[840, 6], [841, 6], [1026, 7]]}"
ྰ,I1PD106653.txt,I1PD106653,W1PD96684,"{""I1PD1066530118.jpg"": [[1289, 8]]}"
ྪ,I1PD106653.txt,I1PD106653,W1PD96684,"{""I1PD1066530120.jpg"": [[1134, 8]]}"
ཐྲ,I1PD106653.txt,I1PD106653,W1PD96684,"{""I1PD1066530128.jpg"": [[1168, 8]]}"
ཤྲཱ,I1PD106653.txt,I1PD106653,W1PD96684,"{""I1PD1066530129.jpg"": [[415, 4]]}"
ༀ,I1PD106653.txt,I1PD106653,W1PD96684,"{""I1PD1066530136.jpg"": [[710, 8]]}"
ྵ,I1PD106653.txt,I1PD106653,W1PD96684,"{""I1PD1066530139.jpg"": [[855, 6]]}"
ྴ,I1PD106653.txt,I1PD106653,W1PD96684,"{""I1PD1066530140.jpg"": [[1031, 9]]}"
ྰ,I1PD106653.txt,I1PD106653,W1PD96684,"{""I1PD1066530142.jpg"": [[623, 5], [1165, 9]]}"
ྶ,I1PD106653.txt,I1PD106653,W1PD96684,"{""I1PD1066530148.jpg"": [[1358, 11]]}"
ྜ,I1PD106653.txt,I1PD106653,W1PD96684,"{""I1PD1066530152.jpg"": [[530, 4], [834, 5]]}"
ྶ,I1PD106653.txt,I1PD106653,W1PD96684,"{""I1PD1066530153.jpg"": [[305, 3]]}"
ྰ,I1PD106653.txt,I1PD106653,W1PD96684,"{""I1PD1066530164.jpg"": [[1223, 10]]}"
འྲ,I1PD106653.txt,I1PD106653,W1PD96684,"{""I1PD1066530165.jpg"": [[517, 4]]}"
ཙྪུ,I1PD106653.txt,I1PD106653,W1PD96684,"{""I1PD1066530167.jpg"": [[205, 3]]}"
ྪ,I1PD106653.txt,I1PD106653,W1PD96684,"{""I1PD1066530167.jpg"": [[206, 3]]}"
ཏྟུ,I1PD106653.txt,I1PD106653,W1PD96684,"{""I1PD1066530170.jpg"": [[353, 4]]}"
ཤྲཱ,I1PD106653.txt,I1PD106653,W1PD96684,"{""I1PD1066530178.jpg"": [[0, 1]]}"
ྜ,I1PD106653.txt,I1PD106653,W1PD96684,"{""I1PD1066530189.jpg"": [[744, 6]]}"
ྰ,I1PD106653.txt,I1PD106653,W1PD96684,"{""I1PD1066530189.jpg"": [[15, 1]]}"
ྵ,I1PD106653.txt,I1PD106653,W1PD96684,"{""I1PD1066530189.jpg"": [[1279, 10]]}"
ྜ,I1PD106653.txt,I1PD106653,W1PD96684,"{""I1PD1066530191.jpg"": [[230, 2]]}"
ྞ,I1PD106653.txt,I1PD106653,W1PD96684,"{""I1PD1066530193.jpg"": [[125, 1]]}"
ྜ,I1PD106653.txt,I1PD106653,W1PD96684,"{""I1PD1066530194.jpg"": [[281, 2]]}"
ྵ,I1PD106653.txt,I1PD106653,W1PD96684,"{""I1PD1066530195.jpg"": [[667, 4]]}"
ྶ,I1PD106653.txt,I1PD106653,W1PD96684,"{""I1PD1066530195.jpg"": [[1323, 9]]}"
ྰ,I1PD106653.txt,I1PD106653,W1PD96684,"{""I1PD1066530202.jpg"": [[1103, 8]]}"
ྰ,I1PD106653.txt,I1PD106653,W1PD96684,"{""I1PD1066530204.jpg"": [[294, 2]]}"
རྻ,I1PD106653.txt,I1PD106653,W1PD96684,"{""I1PD1066530210.jpg"": [[649, 4]]}"
ྵ,I1PD106653.txt,I1PD106653,W1PD96684,"{""I1PD1066530211.jpg"": [[349, 3]]}"
ཟྲ,I1PD106653.txt,I1PD106653,W1PD96684,"{""I1PD1066530216.jpg"": [[1311, 9]]}"
འྲ,I1PD106653.txt,I1PD106653,W1PD96684,"{""I1PD1066530223.jpg"": [[1155, 11]]}"
ྵ,I1PD106653.txt,I1PD106653,W1PD96684,"{""I1PD1066530226.jpg"": [[1057, 9]]}"
ཞཱ,I1PD106653.txt,I1PD106653,W1PD96684,"{""I1PD1066530232.jpg"": [[908, 8]]}"
ྪ,I1PD106653.txt,I1PD106653,W1PD96684,"{""I1PD1066530232.jpg"": [[295, 3]]}"
ྵ,I1PD106653.txt,I1PD106653,W1PD96684,"{""I1PD1066530232.jpg"": [[766, 7]]}"
ྶ,I1PD106653.txt,I1PD106653,W1PD96684,"{""I1PD1066530233.jpg"": [[305, 2]]}"
ཧྥ,I1PD106653.txt,I1PD106653,W1PD96684,"{""I1PD1066530235.jpg"": [[23, 1]]}"
ཧྥུ,I1PD106653.txt,I1PD106653,W1PD96684,"{""I1PD1066530235.jpg"": [[23, 1]]}"
ྥ,I1PD106653.txt,I1PD106653,W1PD96684,"{""I1PD1066530235.jpg"": [[24, 1]]}"
འྲ,I1PD106653.txt,I1PD106653,W1PD96684,"{""I1PD1066530238.jpg"": [[1148, 10]]}"
འྲ,I1PD106653.txt,I1PD106653,W1PD96684,"{""I1PD1066530247.jpg"": [[882, 7]]}"
ྜ,I1PD106653.txt,I1PD106653,W1PD96684,"{""I1PD1066530251.jpg"": [[1068, 9]]}"
ྴ,I1PD106653.txt,I1PD106653,W1PD96684,"{""I1PD1066530270.jpg"": [[1102, 8]]}"
ཀྑ,I1PD106653.txt,I1PD106653,W1PD96684,"{""I1PD1066530276.jpg"": [[648, 4]]}"
ྑ,I1PD106653.txt,I1PD106653,W1PD96684,"{""I1PD1066530276.jpg"": [[649, 4]]}"
ཀྑ,I1PD106653.txt,I1PD106653,W1PD96684,"{""I1PD1066530284.jpg"": [[1260, 9]]}"
ྑ,I1PD106653.txt,I1PD106653,W1PD96684,"{""I1PD1066530284.jpg"": [[1261, 9]]}"
ཀྑ,I1PD106653.txt,I1PD106653,W1PD96684,"{""I1PD1066530285.jpg"": [[46, 2]]}"
ཅྭ,I1PD106653.txt,I1PD106653,W1PD96684,"{""I1PD1066530285.jpg"": [[1155, 9]]}"
ྑ,I1PD106653.txt,I1PD106653,W1PD96684,"{""I1PD1066530285.jpg"": [[47, 2]]}"
ྶ,I1PD106653.txt,I1PD106653,W1PD96684,"{""I1PD1066530296.jpg"": [[1217, 8]]}"
ཀྑ,I1PD106653.txt,I1PD106653,W1PD96684,"{""I1PD1066530305.jpg"": [[998, 7]]}"
ྑ,I1PD106653.txt,I1PD106653,W1PD96684,"{""I1PD1066530305.jpg"": [[999, 7]]}"
ྶ,I1PD106653.txt,I1PD106653,W1PD96684,"{""I1PD1066530307.jpg"": [[509, 4]]}"
གྭ,I1PD106653.txt,I1PD106653,W1PD96684,"{""I1PD1066530309.jpg"": [[29, 1]]}"
༼,I1PD106653.txt,I1PD106653,W1PD96684,"{""I1PD1066530310.jpg"": [[90, 1]]}"
ྵ,I1PD106653.txt,I1PD106653,W1PD96684,"{""I1PD1066530313.jpg"": [[942, 7]]}"
༼,I1PD106653.txt,I1PD106653,W1PD96684,"{""I1PD1066530315.jpg"": [[1055, 7]]}"
ༀ,I1PD106653.txt,I1PD106653,W1PD96684,"{""I1PD1066530317.jpg"": [[329, 2]]}"
ཤྲཱ,I1PD106653.txt,I1PD106653,W1PD96684,"{""I1PD1066530317.jpg"": [[425, 4]]}"
ཀྑ,I1PD106653.txt,I1PD106653,W1PD96684,"{""I1PD1066530320.jpg"": [[356, 5]]}"
ཎྜུ,I1PD106653.txt,I1PD106653,W1PD96684,"{""I1PD1066530320.jpg"": [[858, 7]]}"
ྑ,I1PD106653.txt,I1PD106653,W1PD96684,"{""I1PD1066530320.jpg"": [[357, 5]]}"
ྜ,I1PD106653.txt,I1PD106653,W1PD96684,"{""I1PD1066530320.jpg"": [[859, 7]]}"
འྲ,I1PD106653.txt,I1PD106653,W1PD96684,"{""I1PD1066530321.jpg"": [[204, 2]]}"
ཤྲཱ,I1PD106653.txt,I1PD106653,W1PD96684,"{""I1PD1066530321.jpg"": [[53, 1]]}"
ྚ,I1PD106653.txt,I1PD106653,W1PD96684,"{""I1PD1066530325.jpg"": [[103, 1]]}"
ྜ,I1PD106653.txt,I1PD106653,W1PD96684,"{""I1PD1066530325.jpg"": [[401, 4]]}"
ཤྲཱ,I1PD106653.txt,I1PD106653,W1PD96684,"{""I1PD1066530329.jpg"": [[809, 6]]}"
ྪ,I1PD106653.txt,I1PD106653,W1PD96684,"{""I1PD1066530329.jpg"": [[739, 6]]}"
ྶ,I1PD106653.txt,I1PD106653,W1PD96684,"{""I1PD1066530329.jpg"": [[1190, 8]]}"
༼,I1PD106653.txt,I1PD106653,W1PD96684,"{""I1PD1066530334.jpg"": [[170, 2], [188, 2]]}"
འྲ,I1PD106653.txt,I1PD106653,W1PD96684,"{""I1PD1066530345.jpg"": [[857, 6]]}"
ༀ,I1PD106653.txt,I1PD106653,W1PD96684,"{""I1PD1066530346.jpg"": [[751, 7]]}"
ྶ,I1PD106653.txt,I1PD106653,W1PD96684,"{""I1PD1066530359.jpg"": [[1239, 8]]}"
ༀ,I1PD106653.txt,I1PD106653,W1PD96684,"{""I1PD1066530363.jpg"": [[1068, 7]]}"
འྲ,I1PD106653.txt,I1PD106653,W1PD96684,"{""I1PD1066530364.jpg"": [[179, 2]]}"
ྪ,I1PD106653.txt,I1PD106653,W1PD96684,"{""I1PD1066530368.jpg"": [[951, 7]]}"
༼,I1PD106653.txt,I1PD106653,W1PD96684,"{""I1PD1066530384.jpg"": [[992, 8]]}"
ཎྛཱ,I1PD106653.txt,I1PD106653,W1PD96684,"{""I1PD1066530385.jpg"": [[140, 1]]}"
རྞ,I1PD106653.txt,I1PD106653,W1PD96684,"{""I1PD1066530385.jpg"": [[508, 4]]}"
ཤྲཱ,I1PD106653.txt,I1PD106653,W1PD96684,"{""I1PD1066530385.jpg"": [[607, 5]]}"
ྚ,I1PD106653.txt,I1PD106653,W1PD96684,"{""I1PD1066530385.jpg"": [[295, 3]]}"
ྛ,I1PD106653.txt,I1PD106653,W1PD96684,"{""I1PD1066530385.jpg"": [[125, 1], [141, 1]]}"
ྞ,I1PD106653.txt,I1PD106653,W1PD96684,"{""I1PD1066530385.jpg"": [[509, 4]]}"
ྴ,I1PD106653.txt,I1PD106653,W1PD96684,"{""I1PD1066530386.jpg"": [[1159, 8]]}"
རྻ,I1PD106653.txt,I1PD106653,W1PD96684,"{""I1PD1066530387.jpg"": [[63, 1]]}"
སྐྭ,I1PD106653.txt,I1PD106653,W1PD96684,"{""I1PD1066530392.jpg"": [[31, 1]]}"
ྪ,I1PD106653.txt,I1PD106653,W1PD96684,"{""I1PD1066530403.jpg"": [[685, 7]]}"
ྚ,I1PD106653.txt,I1PD106653,W1PD96684,"{""I1PD1066530404.jpg"": [[1226, 11]]}"
མྨཱ,I1PD106653.txt,I1PD106653,W1PD96684,"{""I1PD1066530405.jpg"": [[581, 4]]}"
ྛ,I1PD106653.txt,I1PD106653,W1PD96684,"{""I1PD1066530405.jpg"": [[563, 4]]}"
ྵ,I1PD106653.txt,I1PD106653,W1PD96684,"{""I1PD1066530405.jpg"": [[776, 5], [809, 5]]}"
ༀ,I1PD106653.txt,I1PD106653,W1PD96684,"{""I1PD1066530409.jpg"": [[885, 7]]}"
ཤྲཱ,I1PD106653.txt,I1PD106653,W1PD96684,"{""I1PD1066530412.jpg"": [[735, 6]]}"
ྪ,I1PD106653.txt,I1PD106653,W1PD96684,"{""I1PD1066530419.jpg"": [[227, 2]]}"
༼,I1PD106653.txt,I1PD106653,W1PD96684,"{""I1PD1066530421.jpg"": [[167, 2]]}"
ཅྭ,I1PD106653.txt,I1PD106653,W1PD96684,"{""I1PD1066530422.jpg"": [[1173, 7]]}"
ཅྭ,I1PD106653.txt,I1PD106653,W1PD96684,"{""I1PD1066530423.jpg"": [[429, 4], [753, 6]]}"
ཅྭ,I1PD106653.txt,I1PD106653,W1PD96684,"{""I1PD1066530425.jpg"": [[64, 1]]}"
འྲ,I1PD106653.txt,I1PD106653,W1PD96684,"{""I1PD1066530427.jpg"": [[461, 5]]}"
ཐྲ,I1PD106653.txt,I1PD106653,W1PD96684,"{""I1PD1066530430.jpg"": [[117, 1]]}"
ཐྲ,I1PD106653.txt,I1PD106653,W1PD96684,"{""I1PD1066530436.jpg"": [[388, 5]]}"
ཟྭ,I1PD106653.txt,I1PD106653,W1PD96684,"{""I1PD1066530438.jpg"": [[166, 2]]}"
ཀཱུ,I1PD106653.txt,I1PD106653,W1PD96684,"{""I1PD1066530466.jpg"": [[64, 1]]}"
ནྱཱ,I1PD106653.txt,I1PD106653,W1PD96684,"{""I1PD1066530466.jpg"": [[472, 4]]}"
ཞཱ,I1PD106653.txt,I1PD106653,W1PD96684,"{""I1PD1066530466.jpg"": [[634, 5]]}"
རྐྐ,I1PD106653.txt,I1PD106653,W1PD96684,"{""I1PD1066530466.jpg"": [[1265, 11]]}"
ྚ,I1PD106653.txt,I1PD106653,W1PD96684,"{""I1PD1066530466.jpg"": [[722, 7]]}"
ྪ,I1PD106653.txt,I1PD106653,W1PD96684,"{""I1PD1066530466.jpg"": [[638, 5], [993, 8]]}"
རྻ,I1PD106653.txt,I1PD106653,W1PD96684,"{""I1PD1066530470.jpg"": [[267, 3]]}"
རྦུ,I1PD106653.txt,I1PD106653,W1PD96684,"{""I1PD1066530475.jpg"": [[942, 7]]}"
ཤྲཱ,I1PD106653.txt,I1PD106653,W1PD96684,"{""I1PD1066530476.jpg"": [[897, 8]]}"
ཅྭ,I1PD106653.txt,I1PD106653,W1PD96684,"{""I1PD1066530477.jpg"": [[134, 1]]}"
ྛ,I1PD106653.txt,I1PD106653,W1PD96684,"{""I1PD1066530483.jpg"": [[429, 4]]}"
ཎྞ,I1PD106653.txt,I1PD106653,W1PD96684,"{""I1PD1066530490.jpg"": [[697, 6]]}"
ཎྞཱ,I1PD106653.txt,I1PD106653,W1PD96684,"{""I1PD1066530490.jpg"": [[697, 6]]}"
ྞ,I1PD106653.txt,I1PD106653,W1PD96684,"{""I1PD1066530490.jpg"": [[698, 6]]}"
ནྣཱ,I1PD106653.txt,I1PD106653,W1PD96684,"{""I1PD1066530491.jpg"": [[1463, 10]]}"
ྛ,I1PD106653.txt,I1PD106653,W1PD96684,"{""I1PD1066530494.jpg"": [[900, 7]]}"
ཀཱུ,I1PD106653.txt,I1PD106653,W1PD96684,"{""I1PD1066530496.jpg"": [[659, 5]]}"
རྻ,I1PD106653.txt,I1PD106653,W1PD96684,"{""I1PD1066530498.jpg"": [[1073, 8]]}"
ྚ,I1PD106653.txt,I1PD106653,W1PD96684,"{""I1PD1066530499.jpg"": [[514, 4]]}"
ྛ,I1PD106653.txt,I1PD106653,W1PD96684,"{""I1PD1066530501.jpg"": [[17, 1]]}"
རྞ,I1PD106653.txt,I1PD106653,W1PD96684,"{""I1PD1066530502.jpg"": [[373, 5]]}"
ྞ,I1PD106653.txt,I1PD106653,W1PD96684,"{""I1PD1066530502.jpg"": [[374, 5]]}"
ༀ,I1PD106653.txt,I1PD106653,W1PD96684,"{""I1PD1066530504.jpg"": [[187, 2]]}"
སྟྭ,I1PD106653.txt,I1PD106653,W1PD96684,"{""I1PD1066530504.jpg"": [[202, 2]]}"
ཀྑ,I1PD106653.txt,I1PD106653,W1PD96684,"{""I1PD1066530508.jpg"": [[790, 6]]}"
རྲ,I1PD106653.txt,I1PD106653,W1PD96684,"{""I1PD1066530508.jpg"": [[98, 1]]}"
ྑ,I1PD106653.txt,I1PD106653,W1PD96684,"{""I1PD1066530508.jpg"": [[791, 6]]}"
ྛ,I1PD106653.txt,I1PD106653,W1PD96684,"{""I1PD1066530508.jpg"": [[1437, 9], [1459, 9], [1483, 9]]}"
ཧྥ,I1PD106653.txt,I1PD106653,W1PD96684,"{""I1PD1066530519.jpg"": [[491, 6]]}"
ྥ,I1PD106653.txt,I1PD106653,W1PD96684,"{""I1PD1066530519.jpg"": [[492, 6]]}"
ྚ,I1PD106653.txt,I1PD106653,W1PD96684,"{""I1PD1066530526.jpg"": [[136, 1]]}"
ྞ,I1PD106653.txt,I1PD106653,W1PD96684,"{""I1PD1066530526.jpg"": [[434, 4]]}"
ྚ,I1PD106653.txt,I1PD106653,W1PD96684,"{""I1PD1066530527.jpg"": [[302, 2]]}"
རྫྙ,I1PD106653.txt,I1PD106653,W1PD96684,"{""I1PD1066530532.jpg"": [[852, 7]]}"
འྲ,I1PD106653.txt,I1PD106653,W1PD96684,"{""I1PD1066530536.jpg"": [[105, 1]]}"
ཅྭ,I1PD106653.txt,I1PD106653,W1PD96684,"{""I1PD1066530537.jpg"": [[1255, 8]]}"
གྒ,I1PD106653.txt,I1PD106653,W1PD96684,"{""I1PD1066530543.jpg"": [[897, 9]]}"
རྞ,I1PD106653.txt,I1PD106653,W1PD96684,"{""I1PD1066530543.jpg"": [[954, 9]]}"
ྞ,I1PD106653.txt,I1PD106653,W1PD96684,"{""I1PD1066530543.jpg"": [[955, 9], [956, 9]]}"
ྠ,I1PD106653.txt,I1PD106653,W1PD96684,"{""I1PD1066530543.jpg"": [[933, 9], [952, 9]]}"
ༀ,I1PD106653.txt,I1PD106653,W1PD96684,"{""I1PD1066530544.jpg"": [[1501, 12]]}"
རྷ,I1PD106653.txt,I1PD106653,W1PD96684,"{""I1PD1066530549.jpg"": [[427, 5]]}"
ྚ,I1PD106653.txt,I1PD106653,W1PD96684,"{""I1PD1066530549.jpg"": [[1047, 8]]}"
གྭ,I1PD106653.txt,I1PD106653,W1PD96684,"{""I1PD1066530551.jpg"": [[188, 3]]}"
ྛ,I1PD106653.txt,I1PD106653,W1PD96684,"{""I1PD1066530554.jpg"": [[24, 1]]}"
རྞ,I1PD106653.txt,I1PD106653,W1PD96684,"{""I1PD1066530562.jpg"": [[348, 4]]}"
ྚ,I1PD106653.txt,I1PD106653,W1PD96684,"{""I1PD1066530562.jpg"": [[101, 1]]}"
ྞ,I1PD106653.txt,I1PD106653,W1PD96684,"{""I1PD1066530562.jpg"": [[349, 4]]}"
པྤ,I1PD106653.txt,I1PD106653,W1PD96684,"{""I1PD1066530565.jpg"": [[595, 5], [679, 7]]}"
ཅྭ,I1PD106653.txt,I1PD106653,W1PD96684,"{""I1PD1066530575.jpg"": [[208, 2]]}"
ཐྱ,I1PD106653.txt,I1PD106653,W1PD96684,"{""I1PD1066530578.jpg"": [[0, 1]]}"
གྣ,I1PD106653.txt,I1PD106653,W1PD96684,"{""I1PD1066530592.jpg"": [[1054, 8]]}"
ྠ,I1PD106653.txt,I1PD106653,W1PD96684,"{""I1PD1066530592.jpg"": [[1262, 9]]}"
ཕྱྭ,I1PD106653.txt,I1PD106653,W1PD96684,"{""I1PD1066530593.jpg"": [[959, 8]]}"
ནྱཱ,I1PD106653.txt,I1PD106653,W1PD96684,"{""I1PD1066530598.jpg"": [[79, 1]]}"
ནྷ,I1PD106653.txt,I1PD106653,W1PD96684,"{""I1PD1066530598.jpg"": [[1319, 12]]}"
ཀྑ,I1PD106653.txt,I1PD106653,W1PD96684,"{""I1PD1066530599.jpg"": [[1173, 9]]}"
ྑ,I1PD106653.txt,I1PD106653,W1PD96684,"{""I1PD1066530599.jpg"": [[1174, 9]]}"
ལླུ,I1PD106653.txt,I1PD106653,W1PD96684,"{""I1PD1066530611.jpg"": [[886, 6]]}"
སྷ,I1PD106653.txt,I1PD106653,W1PD96684,"{""I1PD1066530614.jpg"": [[756, 5]]}"
ཧྥ,I1PD106653.txt,I1PD106653,W1PD96684,"{""I1PD1066530617.jpg"": [[644, 5]]}"
ཧྥུ,I1PD106653.txt,I1PD106653,W1PD96684,"{""I1PD1066530617.jpg"": [[644, 5]]}"
ྥ,I1PD106653.txt,I1PD106653,W1PD96684,"{""I1PD1066530617.jpg"": [[645, 5]]}"
ཎྞ,I1PD106653.txt,I1PD106653,W1PD96684,"{""I1PD1066530620.jpg"": [[169, 2]]}"
ཥྭ,I1PD106653.txt,I1PD106653,W1PD96684,"{""I1PD1066530622.jpg"": [[331, 2]]}"
ༀ,I1PD106653.txt,I1PD106653,W1PD96684,"{""I1PD1066530625.jpg"": [[781, 6]]}"
ༀ,I1PD106653.txt,I1PD106653,W1PD96684,"{""I1PD1066530632.jpg"": [[707, 5]]}"
སྐྭ,I1PD106653.txt,I1PD106653,W1PD96684,"{""I1PD1066530642.jpg"": [[218, 5]]}"
ནྷ,I1PD106653.txt,I1PD106653,W1PD96684,"{""I1PD1066530643.jpg"": [[627, 5]]}"
རྻ,I1PD106653.txt,I1PD106653,W1PD96684,"{""I1PD1066530646.jpg"": [[54, 1]]}"
རྻ,I1PD106653.txt,I1PD106653,W1PD96684,"{""I1PD1066530647.jpg"": [[123, 1]]}"
ཥྭ,I1PD106654.txt,I1PD106654,W1PD96684,"{""I1PD1066540034.jpg"": [[1298, 12]]}"
སྐཱ,I1PD106654.txt,I1PD106654,W1PD96684,"{""I1PD1066540034.jpg"": [[485, 7]]}"
ལླུ,I1PD106654.txt,I1PD106654,W1PD96684,"{""I1PD1066540035.jpg"": [[121, 1]]}"
ྥ,I1PD106654.txt,I1PD106654,W1PD96684,"{""I1PD1066540035.jpg"": [[1108, 7]]}"
ཞཱ,I1PD106654.txt,I1PD106654,W1PD96684,"{""I1PD1066540045.jpg"": [[653, 5]]}"
ཐྲ,I1PD106654.txt,I1PD106654,W1PD96684,"{""I1PD1066540051.jpg"": [[492, 6]]}"
བྡ,I1PD106654.txt,I1PD106654,W1PD96684,"{""I1PD1066540060.jpg"": [[1227, 10]]}"
ཐྲ,I1PD106654.txt,I1PD106654,W1PD96684,"{""I1PD1066540062.jpg"": [[1034, 11]]}"
ཉྭ,I1PD106654.txt,I1PD106654,W1PD96684,"{""I1PD1066540064.jpg"": [[709, 7]]}"
ནྷ,I1PD106654.txt,I1PD106654,W1PD96684,"{""I1PD1066540097.jpg"": [[1069, 7]]}"
ྠ,I1PD106654.txt,I1PD106654,W1PD96684,"{""I1PD1066540107.jpg"": [[1333, 10]]}"
ཞྲ,I1PD106654.txt,I1PD106654,W1PD96684,"{""I1PD1066540109.jpg"": [[686, 5]]}"
སྷ,I1PD106654.txt,I1PD106654,W1PD96684,"{""I1PD1066540118.jpg"": [[1108, 11]]}"
ཨྱ,I1PD106654.txt,I1PD106654,W1PD96684,"{""I1PD1066540125.jpg"": [[839, 6]]}"
ཥྞཱ,I1PD106654.txt,I1PD106654,W1PD96684,"{""I1PD1066540126.jpg"": [[689, 6]]}"
ཥྭ,I1PD106654.txt,I1PD106654,W1PD96684,"{""I1PD1066540129.jpg"": [[550, 6]]}"
ཀཱུ,I1PD106654.txt,I1PD106654,W1PD96684,"{""I1PD1066540156.jpg"": [[740, 5]]}"
ཥྲ,I1PD106654.txt,I1PD106654,W1PD96684,"{""I1PD1066540158.jpg"": [[1011, 11]]}"
སྟྲཱ,I1PD106654.txt,I1PD106654,W1PD96684,"{""I1PD1066540158.jpg"": [[243, 2]]}"
སྐྭ,I1PD106654.txt,I1PD106654,W1PD96684,"{""I1PD1066540203.jpg"": [[457, 4]]}"
ྠ,I1PD106654.txt,I1PD106654,W1PD96684,"{""I1PD1066540203.jpg"": [[490, 4]]}"
ཥྭ,I1PD106654.txt,I1PD106654,W1PD96684,"{""I1PD1066540219.jpg"": [[235, 2]]}"
ཧྥ,I1PD106654.txt,I1PD106654,W1PD96684,"{""I1PD1066540221.jpg"": [[93, 1]]}"
ཧྥུ,I1PD106654.txt,I1PD106654,W1PD96684,"{""I1PD1066540221.jpg"": [[93, 1]]}"
ྥ,I1PD106654.txt,I1PD106654,W1PD96684,"{""I1PD1066540221.jpg"": [[94, 1]]}"
ཛྱ,I1PD106654.txt,I1PD106654,W1PD96684,"{""I1PD1066540225.jpg"": [[1130, 8]]}"
རྞ,I1PD106654.txt,I1PD106654,W1PD96684,"{""I1PD1066540225.jpg"": [[1111, 8]]}"
ཌྭ,I1PD106654.txt,I1PD106654,W1PD96684,"{""I1PD1066540231.jpg"": [[1035, 8]]}"
པདྨེ,I1PD106654.txt,I1PD106654,W1PD96684,"{""I1PD1066540231.jpg"": [[1019, 8]]}"
ྠ,I1PD106654.txt,I1PD106654,W1PD96684,"{""I1PD1066540231.jpg"": [[838, 6]]}"
ཧྥ,I1PD106654.txt,I1PD106654,W1PD96684,"{""I1PD1066540236.jpg"": [[1396, 9]]}"
ཧྥུ,I1PD106654.txt,I1PD106654,W1PD96684,"{""I1PD1066540236.jpg"": [[1396, 9]]}"
ྥ,I1PD106654.txt,I1PD106654,W1PD96684,"{""I1PD1066540236.jpg"": [[1397, 9]]}"
ཀྲཱ,I1PD106654.txt,I1PD106654,W1PD96684,"{""I1PD1066540237.jpg"": [[266, 4]]}"
སྐཱ,I1PD106654.txt,I1PD106654,W1PD96684,"{""I1PD1066540237.jpg"": [[68, 1]]}"
ཀྐཱ,I1PD106654.txt,I1PD106654,W1PD96684,"{""I1PD1066540240.jpg"": [[248, 2]]}"
ཀྑ,I1PD106654.txt,I1PD106654,W1PD96684,"{""I1PD1066540244.jpg"": [[1246, 9]]}"
ཏྟུ,I1PD106654.txt,I1PD106654,W1PD96684,"{""I1PD1066540244.jpg"": [[1001, 7]]}"
ྑ,I1PD106654.txt,I1PD106654,W1PD96684,"{""I1PD1066540244.jpg"": [[1247, 9]]}"
ཀྑ,I1PD106654.txt,I1PD106654,W1PD96684,"{""I1PD1066540250.jpg"": [[909, 9]]}"
ྑ,I1PD106654.txt,I1PD106654,W1PD96684,"{""I1PD1066540250.jpg"": [[910, 9]]}"
ཀྑ,I1PD106654.txt,I1PD106654,W1PD96684,"{""I1PD1066540257.jpg"": [[1493, 10]]}"
ནྷ,I1PD106654.txt,I1PD106654,W1PD96684,"{""I1PD1066540257.jpg"": [[365, 3]]}"
སྐཱ,I1PD106654.txt,I1PD106654,W1PD96684,"{""I1PD1066540257.jpg"": [[400, 3]]}"
ྑ,I1PD106654.txt,I1PD106654,W1PD96684,"{""I1PD1066540257.jpg"": [[1494, 10]]}"
ཎྞ,I1PD106654.txt,I1PD106654,W1PD96684,"{""I1PD1066540264.jpg"": [[1213, 10], [1408, 10]]}"
ཏྟུ,I1PD106654.txt,I1PD106654,W1PD96684,"{""I1PD1066540264.jpg"": [[381, 2]]}"
དྡཱ,I1PD106654.txt,I1PD106654,W1PD96684,"{""I1PD1066540264.jpg"": [[371, 2]]}"
སྐཱ,I1PD106654.txt,I1PD106654,W1PD96684,"{""I1PD1066540264.jpg"": [[1520, 11]]}"
ྴ,I1PD106654.txt,I1PD106654,W1PD96684,"{""I1PD1066540264.jpg"": [[916, 7]]}"
སྐཱ,I1PD106654.txt,I1PD106654,W1PD96684,"{""I1PD1066540265.jpg"": [[558, 5]]}"
ངྱ,I1PD106654.txt,I1PD106654,W1PD96684,"{""I1PD1066540267.jpg"": [[103, 1]]}"
རྞ,I1PD106654.txt,I1PD106654,W1PD96684,"{""I1PD1066540279.jpg"": [[1201, 10]]}"
རྷ,I1PD106654.txt,I1PD106654,W1PD96684,"{""I1PD1066540279.jpg"": [[1099, 10]]}"
ངྱ,I1PD106654.txt,I1PD106654,W1PD96684,"{""I1PD1066540281.jpg"": [[1001, 9]]}"
ཧྥ,I1PD106654.txt,I1PD106654,W1PD96684,"{""I1PD1066540283.jpg"": [[973, 7]]}"
ྥ,I1PD106654.txt,I1PD106654,W1PD96684,"{""I1PD1066540283.jpg"": [[974, 7]]}"
རྞ,I1PD106654.txt,I1PD106654,W1PD96684,"{""I1PD1066540286.jpg"": [[1065, 8]]}"
ཎྞ,I1PD106654.txt,I1PD106654,W1PD96684,"{""I1PD1066540290.jpg"": [[1034, 7]]}"
སྐཱ,I1PD106654.txt,I1PD106654,W1PD96684,"{""I1PD1066540290.jpg"": [[1117, 8], [1200, 8]]}"
པདྨེ,I1PD106654.txt,I1PD106654,W1PD96684,"{""I1PD1066540291.jpg"": [[347, 2]]}"
ཛྱ,I1PD106654.txt,I1PD106654,W1PD96684,"{""I1PD1066540291.jpg"": [[607, 3]]}"
ཛྲཱ,I1PD106654.txt,I1PD106654,W1PD96684,"{""I1PD1066540291.jpg"": [[1251, 8]]}"
རྞ,I1PD106654.txt,I1PD106654,W1PD96684,"{""I1PD1066540291.jpg"": [[702, 5]]}"
གྒ,I1PD106654.txt,I1PD106654,W1PD96684,"{""I1PD1066540296.jpg"": [[337, 2]]}"
ཎྜཱུ,I1PD106654.txt,I1PD106654,W1PD96684,"{""I1PD1066540304.jpg"": [[492, 3]]}"
ཎྞ,I1PD106654.txt,I1PD106654,W1PD96684,"{""I1PD1066540304.jpg"": [[606, 3]]}"
ཏྠུ,I1PD106654.txt,I1PD106654,W1PD96684,"{""I1PD1066540304.jpg"": [[669, 4]]}"
ྠ,I1PD106654.txt,I1PD106654,W1PD96684,"{""I1PD1066540304.jpg"": [[670, 4]]}"
ཞཱ,I1PD106654.txt,I1PD106654,W1PD96684,"{""I1PD1066540313.jpg"": [[889, 6]]}"
ཟྭ,I1PD106654.txt,I1PD106654,W1PD96684,"{""I1PD1066540313.jpg"": [[503, 4]]}"
འྲ,I1PD106654.txt,I1PD106654,W1PD96684,"{""I1PD1066540314.jpg"": [[909, 9]]}"
ནྷ,I1PD106654.txt,I1PD106654,W1PD96684,"{""I1PD1066540317.jpg"": [[1141, 10]]}"
ྠ,I1PD106654.txt,I1PD106654,W1PD96684,"{""I1PD1066540317.jpg"": [[1162, 10]]}"
ཐྲ,I1PD106654.txt,I1PD106654,W1PD96684,"{""I1PD1066540322.jpg"": [[692, 6]]}"
ཛྫཱ,I1PD106654.txt,I1PD106654,W1PD96684,"{""I1PD1066540323.jpg"": [[924, 7]]}"
སྐཱ,I1PD106654.txt,I1PD106654,W1PD96684,"{""I1PD1066540323.jpg"": [[940, 7]]}"
ནྷ,I1PD106654.txt,I1PD106654,W1PD96684,"{""I1PD1066540329.jpg"": [[533, 6]]}"
ཥྞཱ,I1PD106654.txt,I1PD106654,W1PD96684,"{""I1PD1066540329.jpg"": [[882, 7]]}"
ཀཱུ,I1PD106654.txt,I1PD106654,W1PD96684,"{""I1PD1066540330.jpg"": [[280, 4]]}"
གྣ,I1PD106654.txt,I1PD106654,W1PD96684,"{""I1PD1066540330.jpg"": [[466, 5]]}"
ཎཱུ,I1PD106654.txt,I1PD106654,W1PD96684,"{""I1PD1066540337.jpg"": [[570, 5]]}"
ཌྜ,I1PD106654.txt,I1PD106654,W1PD96684,"{""I1PD1066540346.jpg"": [[695, 5]]}"
ཎྜཱུ,I1PD106654.txt,I1PD106654,W1PD96684,"{""I1PD1066540353.jpg"": [[833, 9]]}"
པདྨེ,I1PD106654.txt,I1PD106654,W1PD96684,"{""I1PD1066540358.jpg"": [[1172, 14]]}"
ཧྥ,I1PD106654.txt,I1PD106654,W1PD96684,"{""I1PD1066540358.jpg"": [[113, 6], [1337, 15]]}"
ཧྥུ,I1PD106654.txt,I1PD106654,W1PD96684,"{""I1PD1066540358.jpg"": [[113, 6], [1337, 15]]}"
ྥ,I1PD106654.txt,I1PD106654,W1PD96684,"{""I1PD1066540358.jpg"": [[114, 6], [1338, 15]]}"
ཎྜཱུ,I1PD106654.txt,I1PD106654,W1PD96684,"{""I1PD1066540364.jpg"": [[545, 6]]}"
རྻ,I1PD106654.txt,I1PD106654,W1PD96684,"{""I1PD1066540364.jpg"": [[785, 7]]}"
སྐཱ,I1PD106654.txt,I1PD106654,W1PD96684,"{""I1PD1066540364.jpg"": [[525, 5], [748, 7]]}"
ཎྞ,I1PD106654.txt,I1PD106654,W1PD96684,"{""I1PD1066540383.jpg"": [[228, 2]]}"
ཟྭ,I1PD106654.txt,I1PD106654,W1PD96684,"{""I1PD1066540413.jpg"": [[211, 3]]}"
རྻ,I1PD106654.txt,I1PD106654,W1PD96684,"{""I1PD1066540416.jpg"": [[1212, 8]]}"
ཞྲ,I1PD106654.txt,I1PD106654,W1PD96684,"{""I1PD1066540418.jpg"": [[679, 5]]}"
ྠ,I1PD106654.txt,I1PD106654,W1PD96684,"{""I1PD1066540418.jpg"": [[501, 3]]}"
ཞྲ,I1PD106654.txt,I1PD106654,W1PD96684,"{""I1PD1066540419.jpg"": [[425, 3]]}"
རྡྭ,I1PD106654.txt,I1PD106654,W1PD96684,"{""I1PD1066540424.jpg"": [[367, 3]]}"
ནྣཱ,I1PD106654.txt,I1PD106654,W1PD96684,"{""I1PD1066540428.jpg"": [[1213, 10]]}"
རྡྭ,I1PD106654.txt,I1PD106654,W1PD96684,"{""I1PD1066540428.jpg"": [[117, 1]]}"
རྻ,I1PD106654.txt,I1PD106654,W1PD96684,"{""I1PD1066540449.jpg"": [[1247, 10]]}"
ཞྲ,I1PD106654.txt,I1PD106654,W1PD96684,"{""I1PD1066540460.jpg"": [[1218, 10]]}"
རྷ,I1PD106654.txt,I1PD106654,W1PD96684,"{""I1PD1066540469.jpg"": [[734, 6]]}"
ཎྞ,I1PD106654.txt,I1PD106654,W1PD96684,"{""I1PD1066540470.jpg"": [[771, 6]]}"
པླ,I1PD106654.txt,I1PD106654,W1PD96684,"{""I1PD1066540476.jpg"": [[871, 7]]}"
ཛྱ,I1PD106654.txt,I1PD106654,W1PD96684,"{""I1PD1066540476.jpg"": [[341, 4]]}"
དྱུ,I1PD106654.txt,I1PD106654,W1PD96684,"{""I1PD1066540479.jpg"": [[798, 5]]}"
རྲ,I1PD106654.txt,I1PD106654,W1PD96684,"{""I1PD1066540522.jpg"": [[518, 5]]}"
ཟྭ,I1PD106654.txt,I1PD106654,W1PD96684,"{""I1PD1066540544.jpg"": [[622, 6]]}"
ཞྱ,I1PD106654.txt,I1PD106654,W1PD96684,"{""I1PD1066540546.jpg"": [[431, 4]]}"
རྻ,I1PD106654.txt,I1PD106654,W1PD96684,"{""I1PD1066540566.jpg"": [[64, 1]]}"
བྡ,I1PD106654.txt,I1PD106654,W1PD96684,"{""I1PD1066540567.jpg"": [[1090, 7]]}"
ྴ,I1PD106654.txt,I1PD106654,W1PD96684,"{""I1PD1066540582.jpg"": [[1449, 10]]}"
ཥྭ,I1PD106654.txt,I1PD106654,W1PD96684,"{""I1PD1066540586.jpg"": [[710, 6]]}"
ངྱ,I1PD106654.txt,I1PD106654,W1PD96684,"{""I1PD1066540591.jpg"": [[1047, 7]]}"
ཊཱུ,I1PD106654.txt,I1PD106654,W1PD96684,"{""I1PD1066540606.jpg"": [[608, 6]]}"
ཡཱུ,I1PD106654.txt,I1PD106654,W1PD96684,"{""I1PD1066540606.jpg"": [[436, 5]]}"
ཞཱ,I1PD106654.txt,I1PD106654,W1PD96684,"{""I1PD1066540607.jpg"": [[788, 6]]}"
ཥྭ,I1PD106654.txt,I1PD106654,W1PD96684,"{""I1PD1066540607.jpg"": [[1165, 9]]}"
ཞྲ,I1PD106654.txt,I1PD106654,W1PD96684,"{""I1PD1066540616.jpg"": [[1101, 11]]}"
སྐྭ,I1PD106654.txt,I1PD106654,W1PD96684,"{""I1PD1066540617.jpg"": [[241, 2]]}"
ངྱ,I1PD106654.txt,I1PD106654,W1PD96684,"{""I1PD1066540622.jpg"": [[32, 1]]}"
ཊྭ,I1PD106654.txt,I1PD106654,W1PD96684,"{""I1PD1066540637.jpg"": [[729, 6]]}"
ཊྭཱ,I1PD106654.txt,I1PD106654,W1PD96684,"{""I1PD1066540637.jpg"": [[729, 6]]}"
ཀཱུ,I1PD106654.txt,I1PD106654,W1PD96684,"{""I1PD1066540670.jpg"": [[756, 7]]}"
ཉྭ,I1PD106654.txt,I1PD106654,W1PD96684,"{""I1PD1066540671.jpg"": [[1526, 9]]}"
ཐྲ,I1PD106654.txt,I1PD106654,W1PD96684,"{""I1PD1066540673.jpg"": [[1260, 13]]}"
སྷ,I1PD106654.txt,I1PD106654,W1PD96684,"{""I1PD1066540675.jpg"": [[1035, 9]]}"
ངྱ,I1PD106654.txt,I1PD106654,W1PD96684,"{""I1PD1066540689.jpg"": [[1184, 8]]}"
ཀཱུ,I1PD106654.txt,I1PD106654,W1PD96684,"{""I1PD1066540690.jpg"": [[496, 5]]}"
ཐྱ,I1PD106654.txt,I1PD106654,W1PD96684,"{""I1PD1066540692.jpg"": [[454, 4]]}"
འྱ,I1PD106654.txt,I1PD106654,W1PD96684,"{""I1PD1066540696.jpg"": [[309, 2]]}"
ཎྞ,I1PD106654.txt,I1PD106654,W1PD96684,"{""I1PD1066540701.jpg"": [[336, 2]]}"
ཛྫཱ,I1PD106655.txt,I1PD106655,W1PD96684,"{""I1PD1066550025.jpg"": [[1227, 10]]}"
ཐྲ,I1PD106655.txt,I1PD106655,W1PD96684,"{""I1PD1066550027.jpg"": [[853, 7]]}"
སྟྲཱ,I1PD106655.txt,I1PD106655,W1PD96684,"{""I1PD1066550027.jpg"": [[1085, 9]]}"
པདྨེ,I1PD106655.txt,I1PD106655,W1PD96684,"{""I1PD1066550040.jpg"": [[306, 7]]}"
གྣ,I1PD106655.txt,I1PD106655,W1PD96684,"{""I1PD1066550052.jpg"": [[997, 8]]}"
སྣྲ,I1PD106655.txt,I1PD106655,W1PD96684,"{""I1PD1066550052.jpg"": [[28, 1]]}"
ཐྲ,I1PD106655.txt,I1PD106655,W1PD96684,"{""I1PD1066550059.jpg"": [[590, 6]]}"
ཐྱ,I1PD106655.txt,I1PD106655,W1PD96684,"{""I1PD1066550066.jpg"": [[1358, 9]]}"
མྨཱ,I1PD106655.txt,I1PD106655,W1PD96684,"{""I1PD1066550071.jpg"": [[1003, 10]]}"
ྴ,I1PD106655.txt,I1PD106655,W1PD96684,"{""I1PD1066550082.jpg"": [[676, 5]]}"
གྒ,I1PD106655.txt,I1PD106655,W1PD96684,"{""I1PD1066550085.jpg"": [[326, 3]]}"
སྷ,I1PD106655.txt,I1PD106655,W1PD96684,"{""I1PD1066550098.jpg"": [[77, 1]]}"
ཎྞ,I1PD106655.txt,I1PD106655,W1PD96684,"{""I1PD1066550111.jpg"": [[165, 2]]}"
ཞཱ,I1PD106655.txt,I1PD106655,W1PD96684,"{""I1PD1066550114.jpg"": [[523, 3]]}"
ཥྭ,I1PD106655.txt,I1PD106655,W1PD96684,"{""I1PD1066550114.jpg"": [[713, 6], [718, 6]]}"
མྤཱ,I1PD106655.txt,I1PD106655,W1PD96684,"{""I1PD1066550115.jpg"": [[243, 2]]}"
ཥྭ,I1PD106655.txt,I1PD106655,W1PD96684,"{""I1PD1066550115.jpg"": [[653, 5]]}"
ཏྠུ,I1PD106655.txt,I1PD106655,W1PD96684,"{""I1PD1066550116.jpg"": [[24, 1]]}"
ཙྩཱ,I1PD106655.txt,I1PD106655,W1PD96684,"{""I1PD1066550116.jpg"": [[728, 5]]}"
ཥྭ,I1PD106655.txt,I1PD106655,W1PD96684,"{""I1PD1066550116.jpg"": [[757, 6]]}"
ཉྱ,I1PD106655.txt,I1PD106655,W1PD96684,"{""I1PD1066550125.jpg"": [[1029, 8]]}"
ཧྥ,I1PD106655.txt,I1PD106655,W1PD96684,"{""I1PD1066550125.jpg"": [[1305, 11]]}"
ཧྥུ,I1PD106655.txt,I1PD106655,W1PD96684,"{""I1PD1066550125.jpg"": [[1305, 11]]}"
ྥ,I1PD106655.txt,I1PD106655,W1PD96684,"{""I1PD1066550125.jpg"": [[1306, 11]]}"
ཟྲ,I1PD106655.txt,I1PD106655,W1PD96684,"{""I1PD1066550138.jpg"": [[291, 2]]}"
ཧྥ,I1PD106655.txt,I1PD106655,W1PD96684,"{""I1PD1066550140.jpg"": [[867, 5]]}"
ཧྥུ,I1PD106655.txt,I1PD106655,W1PD96684,"{""I1PD1066550140.jpg"": [[867, 5]]}"
ལྤཱ,I1PD106655.txt,I1PD106655,W1PD96684,"{""I1PD1066550144.jpg"": [[17, 1]]}"
པདྨེ,I1PD106655.txt,I1PD106655,W1PD96684,"{""I1PD1066550145.jpg"": [[165, 1]]}"
པྤ,I1PD106655.txt,I1PD106655,W1PD96684,"{""I1PD1066550145.jpg"": [[191, 2]]}"
ཥྞཱ,I1PD106655.txt,I1PD106655,W1PD96684,"{""I1PD1066550149.jpg"": [[130, 1]]}"
ཟྭ,I1PD106655.txt,I1PD106655,W1PD96684,"{""I1PD1066550150.jpg"": [[253, 4]]}"
རྷ,I1PD106655.txt,I1PD106655,W1PD96684,"{""I1PD1066550151.jpg"": [[1133, 9]]}"
ཎྜཱུ,I1PD106655.txt,I1PD106655,W1PD96684,"{""I1PD1066550153.jpg"": [[625, 5]]}"
སྣྲ,I1PD106655.txt,I1PD106655,W1PD96684,"{""I1PD1066550153.jpg"": [[1010, 7]]}"
ཞཱ,I1PD106655.txt,I1PD106655,W1PD96684,"{""I1PD1066550171.jpg"": [[352, 2]]}"
སྟྭ,I1PD106655.txt,I1PD106655,W1PD96684,"{""I1PD1066550175.jpg"": [[789, 7]]}"
པླ,I1PD106655.txt,I1PD106655,W1PD96684,"{""I1PD1066550177.jpg"": [[1444, 11]]}"
ཕྱྭ,I1PD106655.txt,I1PD106655,W1PD96684,"{""I1PD1066550179.jpg"": [[1187, 9]]}"
ྴ,I1PD106655.txt,I1PD106655,W1PD96684,"{""I1PD1066550183.jpg"": [[947, 7]]}"
ཟྭ,I1PD106655.txt,I1PD106655,W1PD96684,"{""I1PD1066550185.jpg"": [[1378, 9]]}"
ཎྞཱ,I1PD106655.txt,I1PD106655,W1PD96684,"{""I1PD1066550188.jpg"": [[386, 4]]}"
ཟྭ,I1PD106655.txt,I1PD106655,W1PD96684,"{""I1PD1066550188.jpg"": [[234, 2]]}"
ཧྥུ,I1PD106655.txt,I1PD106655,W1PD96684,"{""I1PD1066550188.jpg"": [[492, 4]]}"
བྡ,I1PD106655.txt,I1PD106655,W1PD96684,"{""I1PD1066550190.jpg"": [[1402, 10]]}"
ྴ,I1PD106655.txt,I1PD106655,W1PD96684,"{""I1PD1066550194.jpg"": [[1100, 8]]}"
ཀྐཱ,I1PD106655.txt,I1PD106655,W1PD96684,"{""I1PD1066550225.jpg"": [[240, 3]]}"
ཟྭ,I1PD106655.txt,I1PD106655,W1PD96684,"{""I1PD1066550232.jpg"": [[1128, 11]]}"
ཞྲ,I1PD106655.txt,I1PD106655,W1PD96684,"{""I1PD1066550237.jpg"": [[979, 8]]}"
ཀཱུ,I1PD106655.txt,I1PD106655,W1PD96684,"{""I1PD1066550245.jpg"": [[451, 4]]}"
ལྤཱ,I1PD106655.txt,I1PD106655,W1PD96684,"{""I1PD1066550254.jpg"": [[862, 8]]}"
ཥྞཱ,I1PD106655.txt,I1PD106655,W1PD96684,"{""I1PD1066550254.jpg"": [[896, 8]]}"
གྣ,I1PD106655.txt,I1PD106655,W1PD96684,"{""I1PD1066550255.jpg"": [[434, 3]]}"
རྷ,I1PD106655.txt,I1PD106655,W1PD96684,"{""I1PD1066550255.jpg"": [[244, 2]]}"
ཉྱ,I1PD106655.txt,I1PD106655,W1PD96684,"{""I1PD1066550260.jpg"": [[121, 1]]}"
ཧྥུ,I1PD106655.txt,I1PD106655,W1PD96684,"{""I1PD1066550266.jpg"": [[40, 1]]}"
ྴ,I1PD106655.txt,I1PD106655,W1PD96684,"{""I1PD1066550296.jpg"": [[856, 7]]}"
སྐྭ,I1PD106655.txt,I1PD106655,W1PD96684,"{""I1PD1066550298.jpg"": [[835, 9]]}"
ཞྲ,I1PD106655.txt,I1PD106655,W1PD96684,"{""I1PD1066550358.jpg"": [[148, 1]]}"
ྴ,I1PD106655.txt,I1PD106655,W1PD96684,"{""I1PD1066550358.jpg"": [[57, 1]]}"
ཐྲ,I1PD106655.txt,I1PD106655,W1PD96684,"{""I1PD1066550365.jpg"": [[347, 2]]}"
ཥྞཱ,I1PD106655.txt,I1PD106655,W1PD96684,"{""I1PD1066550365.jpg"": [[451, 4]]}"
སྟྭ,I1PD106655.txt,I1PD106655,W1PD96684,"{""I1PD1066550365.jpg"": [[1020, 8]]}"
ནྷ,I1PD106655.txt,I1PD106655,W1PD96684,"{""I1PD1066550366.jpg"": [[496, 5]]}"
རྷ,I1PD106655.txt,I1PD106655,W1PD96684,"{""I1PD1066550366.jpg"": [[225, 3]]}"
པྤ,I1PD106655.txt,I1PD106655,W1PD96684,"{""I1PD1066550380.jpg"": [[1061, 7]]}"
ཛྱ,I1PD106655.txt,I1PD106655,W1PD96684,"{""I1PD1066550381.jpg"": [[672, 6]]}"
ཝྱ,I1PD106655.txt,I1PD106655,W1PD96684,"{""I1PD1066550384.jpg"": [[948, 8]]}"
ཐྱ,I1PD106655.txt,I1PD106655,W1PD96684,"{""I1PD1066550405.jpg"": [[406, 4]]}"
རྴ,I1PD106655.txt,I1PD106655,W1PD96684,"{""I1PD1066550436.jpg"": [[1085, 10]]}"
གྒ,I1PD106655.txt,I1PD106655,W1PD96684,"{""I1PD1066550476.jpg"": [[1156, 9]]}"
ཐྱ,I1PD106655.txt,I1PD106655,W1PD96684,"{""I1PD1066550486.jpg"": [[1211, 9]]}"
ཌྜ,I1PD106655.txt,I1PD106655,W1PD96684,"{""I1PD1066550488.jpg"": [[1131, 7]]}"
སྣྲ,I1PD106655.txt,I1PD106655,W1PD96684,"{""I1PD1066550496.jpg"": [[29, 1]]}"
གྒ,I1PD106655.txt,I1PD106655,W1PD96684,"{""I1PD1066550541.jpg"": [[1051, 8]]}"
གྒུ,I1PD106655.txt,I1PD106655,W1PD96684,"{""I1PD1066550541.jpg"": [[1051, 8]]}"
རྷ,I1PD106655.txt,I1PD106655,W1PD96684,"{""I1PD1066550544.jpg"": [[148, 1]]}"
ཟྭ,I1PD106655.txt,I1PD106655,W1PD96684,"{""I1PD1066550560.jpg"": [[546, 5]]}"
ཐྱ,I1PD106655.txt,I1PD106655,W1PD96684,"{""I1PD1066550566.jpg"": [[799, 6]]}"
རྴ,I1PD106655.txt,I1PD106655,W1PD96684,"{""I1PD1066550567.jpg"": [[1167, 9]]}"
མྭ,I1PD106655.txt,I1PD106655,W1PD96684,"{""I1PD1066550582.jpg"": [[302, 3]]}"
དྡཱ,I1PD106655.txt,I1PD106655,W1PD96684,"{""I1PD1066550603.jpg"": [[378, 4]]}"
འྱ,I1PD106655.txt,I1PD106655,W1PD96684,"{""I1PD1066550607.jpg"": [[32, 1]]}"
རྒྭ,I1PD106655.txt,I1PD106655,W1PD96684,"{""I1PD1066550612.jpg"": [[11, 1]]}"
ཛྫཱ,I1PD106655.txt,I1PD106655,W1PD96684,"{""I1PD1066550618.jpg"": [[156, 2]]}"
ནྤ,I1PD106655.txt,I1PD106655,W1PD96684,"{""I1PD1066550621.jpg"": [[1094, 8]]}"
ཀཱུ,I1PD106655.txt,I1PD106655,W1PD96684,"{""I1PD1066550628.jpg"": [[861, 7]]}"
ཞཱ,I1PD106655.txt,I1PD106655,W1PD96684,"{""I1PD1066550629.jpg"": [[1308, 16]]}"
ཌྭ,I1PD106655.txt,I1PD106655,W1PD96684,"{""I1PD1066550632.jpg"": [[1168, 9]]}"
ཐྱ,I1PD106655.txt,I1PD106655,W1PD96684,"{""I1PD1066550632.jpg"": [[397, 4]]}"
བྣ,I1PD106655.txt,I1PD106655,W1PD96684,"{""I1PD1066550632.jpg"": [[1207, 10]]}"
རྴ,I1PD106655.txt,I1PD106655,W1PD96684,"{""I1PD1066550632.jpg"": [[1275, 11]]}"
ཞཱ,I1PD106655.txt,I1PD106655,W1PD96684,"{""I1PD1066550639.jpg"": [[1281, 11]]}"
ཎྞཱ,I1PD106655.txt,I1PD106655,W1PD96684,"{""I1PD1066550641.jpg"": [[1412, 14]]}"
པྤ,I1PD106655.txt,I1PD106655,W1PD96684,"{""I1PD1066550641.jpg"": [[860, 8]]}"
ཛྱ,I1PD106655.txt,I1PD106655,W1PD96684,"{""I1PD1066550641.jpg"": [[1290, 13]]}"
ཥྭཱ,I1PD106655.txt,I1PD106655,W1PD96684,"{""I1PD1066550641.jpg"": [[1404, 14]]}"
ཎྞཱ,I1PD106655.txt,I1PD106655,W1PD96684,"{""I1PD1066550644.jpg"": [[633, 4]]}"
ནཱུ,I1PD106655.txt,I1PD106655,W1PD96684,"{""I1PD1066550644.jpg"": [[393, 3]]}"
པྤ,I1PD106655.txt,I1PD106655,W1PD96684,"{""I1PD1066550644.jpg"": [[407, 3]]}"
པདྨེ,I1PD106655.txt,I1PD106655,W1PD96684,"{""I1PD1066550651.jpg"": [[545, 5], [553, 5]]}"
རྡྭ,I1PD106655.txt,I1PD106655,W1PD96684,"{""I1PD1066550671.jpg"": [[636, 4]]}"
ཐྱ,I1PD106655.txt,I1PD106655,W1PD96684,"{""I1PD1066550678.jpg"": [[535, 5]]}"
ཞྲ,I1PD106655.txt,I1PD106655,W1PD96684,"{""I1PD1066550683.jpg"": [[928, 8]]}"
སྟྭ,I1PD106655.txt,I1PD106655,W1PD96684,"{""I1PD1066550683.jpg"": [[13, 1]]}"
སྐྭ,I1PD106656.txt,I1PD106656,W1PD96684,"{""I1PD1066560063.jpg"": [[233, 2]]}"
ཀྐཱ,I1PD106656.txt,I1PD106656,W1PD96684,"{""I1PD1066560080.jpg"": [[1087, 6]]}"
སྣྲ,I1PD106656.txt,I1PD106656,W1PD96684,"{""I1PD1066560090.jpg"": [[561, 5]]}"
ནྷ,I1PD106656.txt,I1PD106656,W1PD96684,"{""I1PD1066560132.jpg"": [[1381, 11]]}"
ཎྜུ,I1PD106656.txt,I1PD106656,W1PD96684,"{""I1PD1066560165.jpg"": [[79, 1]]}"
པྤ,I1PD106656.txt,I1PD106656,W1PD96684,"{""I1PD1066560166.jpg"": [[1070, 17]]}"
ཐྱ,I1PD106656.txt,I1PD106656,W1PD96684,"{""I1PD1066560172.jpg"": [[75, 1]]}"
སྣྲ,I1PD106656.txt,I1PD106656,W1PD96684,"{""I1PD1066560172.jpg"": [[1054, 8]]}"
སྣྲ,I1PD106656.txt,I1PD106656,W1PD96684,"{""I1PD1066560192.jpg"": [[881, 8]]}"
རྷ,I1PD106656.txt,I1PD106656,W1PD96684,"{""I1PD1066560207.jpg"": [[309, 2]]}"
ཎྜཱུ,I1PD106656.txt,I1PD106656,W1PD96684,"{""I1PD1066560215.jpg"": [[104, 1]]}"
ཎཱུ,I1PD106656.txt,I1PD106656,W1PD96684,"{""I1PD1066560219.jpg"": [[142, 1]]}"
ཀཱུ,I1PD106656.txt,I1PD106656,W1PD96684,"{""I1PD1066560223.jpg"": [[85, 1]]}"
ཞཱ,I1PD106656.txt,I1PD106656,W1PD96684,"{""I1PD1066560224.jpg"": [[57, 1]]}"
ཊྚཱ,I1PD106656.txt,I1PD106656,W1PD96684,"{""I1PD1066560225.jpg"": [[427, 4]]}"
པདྨེ,I1PD106656.txt,I1PD106656,W1PD96684,"{""I1PD1066560239.jpg"": [[718, 6]]}"
རྷ,I1PD106656.txt,I1PD106656,W1PD96684,"{""I1PD1066560266.jpg"": [[1326, 11]]}"
སྷ,I1PD106656.txt,I1PD106656,W1PD96684,"{""I1PD1066560267.jpg"": [[966, 9]]}"
རྷ,I1PD106656.txt,I1PD106656,W1PD96684,"{""I1PD1066560303.jpg"": [[1217, 11]]}"
ཛྲཱ,I1PD106656.txt,I1PD106656,W1PD96684,"{""I1PD1066560307.jpg"": [[611, 4]]}"
སྐྭ,I1PD106656.txt,I1PD106656,W1PD96684,"{""I1PD1066560335.jpg"": [[626, 5]]}"
ཐྱ,I1PD106656.txt,I1PD106656,W1PD96684,"{""I1PD1066560366.jpg"": [[159, 1]]}"
སྷ,I1PD106656.txt,I1PD106656,W1PD96684,"{""I1PD1066560372.jpg"": [[327, 2]]}"
སྣྲ,I1PD106656.txt,I1PD106656,W1PD96684,"{""I1PD1066560395.jpg"": [[735, 5]]}"
སྷ,I1PD106656.txt,I1PD106656,W1PD96684,"{""I1PD1066560478.jpg"": [[996, 6]]}"
རྴ,I1PD106656.txt,I1PD106656,W1PD96684,"{""I1PD1066560496.jpg"": [[1366, 11]]}"
སྣྲ,I1PD106656.txt,I1PD106656,W1PD96684,"{""I1PD1066560498.jpg"": [[35, 1]]}"
ཎཱུ,I1PD106656.txt,I1PD106656,W1PD96684,"{""I1PD1066560517.jpg"": [[347, 3]]}"
གྒ,I1PD106656.txt,I1PD106656,W1PD96684,"{""I1PD1066560531.jpg"": [[1487, 9]]}"
ཏྟུ,I1PD106656.txt,I1PD106656,W1PD96684,"{""I1PD1066560538.jpg"": [[276, 3]]}"
སྷ,I1PD106656.txt,I1PD106656,W1PD96684,"{""I1PD1066560538.jpg"": [[411, 3]]}"
རྴ,I1PD106656.txt,I1PD106656,W1PD96684,"{""I1PD1066560545.jpg"": [[595, 4]]}"
གྣ,I1PD106656.txt,I1PD106656,W1PD96684,"{""I1PD1066560588.jpg"": [[720, 4]]}"
ཎྛཱ,I1PD106656.txt,I1PD106656,W1PD96684,"{""I1PD1066560589.jpg"": [[345, 3], [349, 3]]}"
ཥྭཱ,I1PD106656.txt,I1PD106656,W1PD96684,"{""I1PD1066560589.jpg"": [[1419, 10]]}"
བྡ,I1PD106656.txt,I1PD106656,W1PD96684,"{""I1PD1066560592.jpg"": [[192, 2]]}"
རྴ,I1PD106656.txt,I1PD106656,W1PD96684,"{""I1PD1066560592.jpg"": [[360, 3]]}"
དྱུ,I1PD106656.txt,I1PD106656,W1PD96684,"{""I1PD1066560631.jpg"": [[1044, 8]]}"
ཌྭ,I1PD106656.txt,I1PD106656,W1PD96684,"{""I1PD1066560643.jpg"": [[1208, 9], [1218, 9]]}"
གྭ,I1PD106656.txt,I1PD106656,W1PD96684,"{""I1PD1066560645.jpg"": [[627, 4]]}"
ཙྪུ,I1PD106656.txt,I1PD106656,W1PD96684,"{""I1PD1066560647.jpg"": [[362, 3]]}"
གྒ,I1PD106657.txt,I1PD106657,W1PD96684,"{""I1PD1066570015.jpg"": [[24, 1]]}"
གྒུ,I1PD106657.txt,I1PD106657,W1PD96684,"{""I1PD1066570015.jpg"": [[24, 1]]}"
ཎྞཱ,I1PD106657.txt,I1PD106657,W1PD96684,"{""I1PD1066570015.jpg"": [[253, 2]]}"
སྟྭ,I1PD106657.txt,I1PD106657,W1PD96684,"{""I1PD1066570022.jpg"": [[686, 5]]}"
སྟྲཱ,I1PD106657.txt,I1PD106657,W1PD96684,"{""I1PD1066570022.jpg"": [[857, 6]]}"
ཎྞཱ,I1PD106657.txt,I1PD106657,W1PD96684,"{""I1PD1066570031.jpg"": [[672, 5]]}"
རྤ,I1PD106657.txt,I1PD106657,W1PD96684,"{""I1PD1066570045.jpg"": [[583, 5]]}"
སྟྭ,I1PD106657.txt,I1PD106657,W1PD96684,"{""I1PD1066570048.jpg"": [[522, 4]]}"
སྷ,I1PD106657.txt,I1PD106657,W1PD96684,"{""I1PD1066570058.jpg"": [[1320, 10]]}"
སྟྭ,I1PD106657.txt,I1PD106657,W1PD96684,"{""I1PD1066570066.jpg"": [[142, 1]]}"
སྷ,I1PD106657.txt,I1PD106657,W1PD96684,"{""I1PD1066570096.jpg"": [[505, 4]]}"
ཀཱུ,I1PD106657.txt,I1PD106657,W1PD96684,"{""I1PD1066570103.jpg"": [[1142, 9]]}"
ཕྱྭ,I1PD106657.txt,I1PD106657,W1PD96684,"{""I1PD1066570122.jpg"": [[1032, 6]]}"
ཛྱ,I1PD106657.txt,I1PD106657,W1PD96684,"{""I1PD1066570173.jpg"": [[106, 1]]}"
ནྷ,I1PD106657.txt,I1PD106657,W1PD96684,"{""I1PD1066570175.jpg"": [[0, 1]]}"
ཏྟུ,I1PD106657.txt,I1PD106657,W1PD96684,"{""I1PD1066570193.jpg"": [[802, 4]]}"
ཐྭ,I1PD106657.txt,I1PD106657,W1PD96684,"{""I1PD1066570195.jpg"": [[761, 6]]}"
མྤཱ,I1PD106657.txt,I1PD106657,W1PD96684,"{""I1PD1066570209.jpg"": [[663, 7]]}"
ཡཱུ,I1PD106657.txt,I1PD106657,W1PD96684,"{""I1PD1066570222.jpg"": [[86, 1]]}"
ཎི༌,I1PD106657.txt,I1PD106657,W1PD96684,"{""I1PD1066570259.jpg"": [[877, 5]]}"
ནྣཱ,I1PD106657.txt,I1PD106657,W1PD96684,"{""I1PD1066570259.jpg"": [[1412, 8]]}"
ནྣཱ,I1PD106657.txt,I1PD106657,W1PD96684,"{""I1PD1066570261.jpg"": [[520, 3]]}"
ཎྞཱ,I1PD106657.txt,I1PD106657,W1PD96684,"{""I1PD1066570262.jpg"": [[574, 5]]}"
ཛྲཱ,I1PD106657.txt,I1PD106657,W1PD96684,"{""I1PD1066570262.jpg"": [[604, 5]]}"
པྤ,I1PD106657.txt,I1PD106657,W1PD96684,"{""I1PD1066570263.jpg"": [[1247, 10]]}"
ཛྱ,I1PD106657.txt,I1PD106657,W1PD96684,"{""I1PD1066570275.jpg"": [[1282, 9]]}"
གྫ,I1PD106657.txt,I1PD106657,W1PD96684,"{""I1PD1066570293.jpg"": [[1062, 6]]}"
འྱ,I1PD106657.txt,I1PD106657,W1PD96684,"{""I1PD1066570325.jpg"": [[1326, 10]]}"
ངྒྷ,I1PD106657.txt,I1PD106657,W1PD96684,"{""I1PD1066570348.jpg"": [[379, 5]]}"
ཞྱ,I1PD106657.txt,I1PD106657,W1PD96684,"{""I1PD1066570358.jpg"": [[428, 4]]}"
འྱ,I1PD106657.txt,I1PD106657,W1PD96684,"{""I1PD1066570358.jpg"": [[350, 2]]}"
རྴ,I1PD106657.txt,I1PD106657,W1PD96684,"{""I1PD1066570427.jpg"": [[56, 1]]}"
ཥྭཱ,I1PD106657.txt,I1PD106657,W1PD96684,"{""I1PD1066570473.jpg"": [[1230, 7]]}"
ཎྞཱ,I1PD106657.txt,I1PD106657,W1PD96684,"{""I1PD1066570478.jpg"": [[856, 6]]}"
རྦུ,I1PD106657.txt,I1PD106657,W1PD96684,"{""I1PD1066570478.jpg"": [[525, 4]]}"
ངྒྷ,I1PD106657.txt,I1PD106657,W1PD96684,"{""I1PD1066570512.jpg"": [[502, 5]]}"
ཐྭ,I1PD106657.txt,I1PD106657,W1PD96684,"{""I1PD1066570519.jpg"": [[1339, 12]]}"
ནྷ,I1PD106657.txt,I1PD106657,W1PD96684,"{""I1PD1066570606.jpg"": [[906, 6]]}"
ཛྲཱ,I1PD106657.txt,I1PD106657,W1PD96684,"{""I1PD1066570607.jpg"": [[35, 1]]}"
སྱུ,I1PD106657.txt,I1PD106657,W1PD96684,"{""I1PD1066570632.jpg"": [[951, 8]]}"
བྡ,I1PD106657.txt,I1PD106657,W1PD96684,"{""I1PD1066570644.jpg"": [[915, 10]]}"
ཎྞཱ,I1PD106658.txt,I1PD106658,W1PD96684,"{""I1PD1066580063.jpg"": [[701, 6]]}"
ཥྞཱ,I1PD106658.txt,I1PD106658,W1PD96684,"{""I1PD1066580063.jpg"": [[88, 1]]}"
རྴ,I1PD106658.txt,I1PD106658,W1PD96684,"{""I1PD1066580064.jpg"": [[462, 4]]}"
གྣ,I1PD106658.txt,I1PD106658,W1PD96684,"{""I1PD1066580065.jpg"": [[210, 2]]}"
ཎྞཱ,I1PD106658.txt,I1PD106658,W1PD96684,"{""I1PD1066580065.jpg"": [[119, 1]]}"
སྟྭ,I1PD106658.txt,I1PD106658,W1PD96684,"{""I1PD1066580065.jpg"": [[504, 4]]}"
པྤ,I1PD106658.txt,I1PD106658,W1PD96684,"{""I1PD1066580066.jpg"": [[859, 7]]}"
ཛྲཱ,I1PD106658.txt,I1PD106658,W1PD96684,"{""I1PD1066580067.jpg"": [[1127, 9]]}"
རྒྭ,I1PD106658.txt,I1PD106658,W1PD96684,"{""I1PD1066580145.jpg"": [[526, 3]]}"
རྴ,I1PD106658.txt,I1PD106658,W1PD96684,"{""I1PD1066580312.jpg"": [[510, 3]]}"
རྡྭ,I1PD106658.txt,I1PD106658,W1PD96684,"{""I1PD1066580347.jpg"": [[524, 4]]}"
ངྱ,I1PD106658.txt,I1PD106658,W1PD96684,"{""I1PD1066580428.jpg"": [[160, 1]]}"
ཀྐཱ,I1PD106658.txt,I1PD106658,W1PD96684,"{""I1PD1066580449.jpg"": [[683, 5]]}"
ཎྛཱ,I1PD106658.txt,I1PD106658,W1PD96684,"{""I1PD1066580449.jpg"": [[800, 7]]}"
སྟྭ,I1PD106658.txt,I1PD106658,W1PD96684,"{""I1PD1066580449.jpg"": [[232, 2]]}"
ཆྱ,I1PD106658.txt,I1PD106658,W1PD96684,"{""I1PD1066580451.jpg"": [[790, 6]]}"
ཎི༌,I1PD106658.txt,I1PD106658,W1PD96684,"{""I1PD1066580451.jpg"": [[872, 6]]}"
ཛྲཱ,I1PD106658.txt,I1PD106658,W1PD96684,"{""I1PD1066580451.jpg"": [[1134, 8]]}"
ཥྞཱ,I1PD106658.txt,I1PD106658,W1PD96684,"{""I1PD1066580454.jpg"": [[704, 6]]}"
སྟྭ,I1PD106658.txt,I1PD106658,W1PD96684,"{""I1PD1066580456.jpg"": [[923, 7]]}"
རྡྭ,I1PD106658.txt,I1PD106658,W1PD96684,"{""I1PD1066580515.jpg"": [[994, 9]]}"
གྒ,I1PD106658.txt,I1PD106658,W1PD96684,"{""I1PD1066580549.jpg"": [[241, 4]]}"
བྡ,I1PD106658.txt,I1PD106658,W1PD96684,"{""I1PD1066580587.jpg"": [[863, 7]]}"
ཌྭ,I1PD106658.txt,I1PD106658,W1PD96684,"{""I1PD1066580617.jpg"": [[798, 6]]}"
ཊྚཱ,I1PD106658.txt,I1PD106658,W1PD96684,"{""I1PD1066580623.jpg"": [[579, 5]]}"
ཏྟུ,I1PD106658.txt,I1PD106658,W1PD96684,"{""I1PD1066580623.jpg"": [[227, 2]]}"
ཥྭཱ,I1PD106658.txt,I1PD106658,W1PD96684,"{""I1PD1066580631.jpg"": [[1205, 8]]}"
ཊྚཱ,I1PD106659.txt,I1PD106659,W1PD96684,"{""I1PD1066590022.jpg"": [[572, 6]]}"
པདྨེ,I1PD106659.txt,I1PD106659,W1PD96684,"{""I1PD1066590022.jpg"": [[943, 8]]}"
ཛྱ,I1PD106659.txt,I1PD106659,W1PD96684,"{""I1PD1066590022.jpg"": [[1052, 8]]}"
ཥྞཱ,I1PD106659.txt,I1PD106659,W1PD96684,"{""I1PD1066590063.jpg"": [[675, 6]]}"
གྣ,I1PD106659.txt,I1PD106659,W1PD96684,"{""I1PD1066590069.jpg"": [[1243, 10]]}"
ཛྲཱ,I1PD106659.txt,I1PD106659,W1PD96684,"{""I1PD1066590070.jpg"": [[120, 1]]}"
ནཱུ,I1PD106659.txt,I1PD106659,W1PD96684,"{""I1PD1066590073.jpg"": [[568, 4]]}"
ཛྱ,I1PD106659.txt,I1PD106659,W1PD96684,"{""I1PD1066590074.jpg"": [[571, 5]]}"
ཏྟུ,I1PD106659.txt,I1PD106659,W1PD96684,"{""I1PD1066590088.jpg"": [[1021, 7], [1166, 8]]}"
ཛྱ,I1PD106659.txt,I1PD106659,W1PD96684,"{""I1PD1066590098.jpg"": [[830, 6]]}"
ཕྱྭ,I1PD106659.txt,I1PD106659,W1PD96684,"{""I1PD1066590132.jpg"": [[1331, 10]]}"
ཏྟུ,I1PD106659.txt,I1PD106659,W1PD96684,"{""I1PD1066590133.jpg"": [[249, 2]]}"
རྫྙ,I1PD106659.txt,I1PD106659,W1PD96684,"{""I1PD1066590156.jpg"": [[453, 4]]}"
ནྣཱ,I1PD106659.txt,I1PD106659,W1PD96684,"{""I1PD1066590157.jpg"": [[370, 4]]}"
རྦུ,I1PD106659.txt,I1PD106659,W1PD96684,"{""I1PD1066590166.jpg"": [[1230, 10]]}"
ཥྞཱ,I1PD106659.txt,I1PD106659,W1PD96684,"{""I1PD1066590216.jpg"": [[942, 9]]}"
ཥྲ,I1PD106659.txt,I1PD106659,W1PD96684,"{""I1PD1066590246.jpg"": [[262, 2]]}"
ངྒྷ,I1PD106659.txt,I1PD106659,W1PD96684,"{""I1PD1066590247.jpg"": [[1061, 7]]}"
རྦུ,I1PD106659.txt,I1PD106659,W1PD96684,"{""I1PD1066590270.jpg"": [[957, 8]]}"
ཆྱ,I1PD106659.txt,I1PD106659,W1PD96684,"{""I1PD1066590280.jpg"": [[641, 7]]}"
ཛྫཱ,I1PD106659.txt,I1PD106659,W1PD96684,"{""I1PD1066590311.jpg"": [[437, 4]]}"
དྡུ,I1PD106659.txt,I1PD106659,W1PD96684,"{""I1PD1066590320.jpg"": [[407, 3]]}"
སྟྲཱ,I1PD106659.txt,I1PD106659,W1PD96684,"{""I1PD1066590336.jpg"": [[961, 7]]}"
གྣ,I1PD106659.txt,I1PD106659,W1PD96684,"{""I1PD1066590358.jpg"": [[1351, 10]]}"
བྷྲ,I1PD106659.txt,I1PD106659,W1PD96684,"{""I1PD1066590358.jpg"": [[1125, 9]]}"
སྟྲཱ,I1PD106659.txt,I1PD106659,W1PD96684,"{""I1PD1066590362.jpg"": [[626, 6]]}"
ཌྜ,I1PD106659.txt,I1PD106659,W1PD96684,"{""I1PD1066590364.jpg"": [[846, 8]]}"
མྨཱ,I1PD106659.txt,I1PD106659,W1PD96684,"{""I1PD1066590368.jpg"": [[817, 6]]}"
ཝྱ,I1PD106659.txt,I1PD106659,W1PD96684,"{""I1PD1066590469.jpg"": [[21, 1]]}"
ཏྟུ,I1PD106659.txt,I1PD106659,W1PD96684,"{""I1PD1066590473.jpg"": [[1337, 8]]}"
ཎྜཱུ,I1PD106659.txt,I1PD106659,W1PD96684,"{""I1PD1066590476.jpg"": [[1090, 7]]}"
བྡ,I1PD106659.txt,I1PD106659,W1PD96684,"{""I1PD1066590476.jpg"": [[1296, 10]]}"
པྤ,I1PD106659.txt,I1PD106659,W1PD96684,"{""I1PD1066590477.jpg"": [[256, 5]]}"
རྴ,I1PD106659.txt,I1PD106659,W1PD96684,"{""I1PD1066590478.jpg"": [[1568, 11]]}"
ཊྭ,I1PD106659.txt,I1PD106659,W1PD96684,"{""I1PD1066590507.jpg"": [[1465, 11]]}"
ཊྭཱ,I1PD106659.txt,I1PD106659,W1PD96684,"{""I1PD1066590507.jpg"": [[1465, 11]]}"
ཛྲཱ,I1PD106660.txt,I1PD106660,W1PD96684,"{""I1PD1066600044.jpg"": [[229, 2]]}"
ནྣཱ,I1PD106660.txt,I1PD106660,W1PD96684,"{""I1PD1066600064.jpg"": [[1381, 11]]}"
ཐྭ,I1PD106660.txt,I1PD106660,W1PD96684,"{""I1PD1066600095.jpg"": [[843, 8]]}"
ནྣཱ,I1PD106660.txt,I1PD106660,W1PD96684,"{""I1PD1066600109.jpg"": [[1036, 9]]}"
ཆྱ,I1PD106660.txt,I1PD106660,W1PD96684,"{""I1PD1066600119.jpg"": [[1499, 9]]}"
ཛྲཱ,I1PD106660.txt,I1PD106660,W1PD96684,"{""I1PD1066600130.jpg"": [[1319, 11]]}"
བྷྲ,I1PD106660.txt,I1PD106660,W1PD96684,"{""I1PD1066600147.jpg"": [[18, 1]]}"
ནྣཱ,I1PD106660.txt,I1PD106660,W1PD96684,"{""I1PD1066600152.jpg"": [[1226, 9]]}"
ནྤ,I1PD106660.txt,I1PD106660,W1PD96684,"{""I1PD1066600156.jpg"": [[321, 2]]}"
ཛྲཱ,I1PD106660.txt,I1PD106660,W1PD96684,"{""I1PD1066600157.jpg"": [[207, 2]]}"
ཥྞཱ,I1PD106660.txt,I1PD106660,W1PD96684,"{""I1PD1066600161.jpg"": [[933, 8]]}"
རྲ,I1PD106660.txt,I1PD106660,W1PD96684,"{""I1PD1066600180.jpg"": [[98, 1]]}"
བྷྲ,I1PD106660.txt,I1PD106660,W1PD96684,"{""I1PD1066600187.jpg"": [[798, 7]]}"
རྡྭ,I1PD106660.txt,I1PD106660,W1PD96684,"{""I1PD1066600191.jpg"": [[686, 6]]}"
དྡཱ,I1PD106660.txt,I1PD106660,W1PD96684,"{""I1PD1066600208.jpg"": [[823, 6]]}"
རྦུ,I1PD106660.txt,I1PD106660,W1PD96684,"{""I1PD1066600220.jpg"": [[580, 5]]}"
སྟྲཱ,I1PD106660.txt,I1PD106660,W1PD96684,"{""I1PD1066600236.jpg"": [[421, 4]]}"
འྱ,I1PD106660.txt,I1PD106660,W1PD96684,"{""I1PD1066600240.jpg"": [[554, 5]]}"
ཀྐཱ,I1PD106660.txt,I1PD106660,W1PD96684,"{""I1PD1066600283.jpg"": [[730, 6]]}"
ཐྭ,I1PD106660.txt,I1PD106660,W1PD96684,"{""I1PD1066600362.jpg"": [[845, 7]]}"
རྒྭ,I1PD106660.txt,I1PD106660,W1PD96684,"{""I1PD1066600427.jpg"": [[186, 2]]}"
ཀྐཱ,I1PD106660.txt,I1PD106660,W1PD96684,"{""I1PD1066600431.jpg"": [[1259, 9]]}"
ཀྐཱ,I1PD106660.txt,I1PD106660,W1PD96684,"{""I1PD1066600455.jpg"": [[37, 1]]}"
པདྨེ,I1PD106660.txt,I1PD106660,W1PD96684,"{""I1PD1066600469.jpg"": [[669, 5]]}"
གྡ,I1PD106660.txt,I1PD106660,W1PD96684,"{""I1PD1066600474.jpg"": [[677, 5]]}"
ངྱ,I1PD106660.txt,I1PD106660,W1PD96684,"{""I1PD1066600480.jpg"": [[985, 8]]}"
བྡ,I1PD106660.txt,I1PD106660,W1PD96684,"{""I1PD1066600530.jpg"": [[1538, 10]]}"
ཀྐཱ,I1PD106660.txt,I1PD106660,W1PD96684,"{""I1PD1066600549.jpg"": [[979, 6]]}"
ཡཱུ,I1PD106660.txt,I1PD106660,W1PD96684,"{""I1PD1066600590.jpg"": [[787, 7]]}"
ཀྐཱ,I1PD106660.txt,I1PD106660,W1PD96684,"{""I1PD1066600596.jpg"": [[1394, 10]]}"
ཐྭ,I1PD106660.txt,I1PD106660,W1PD96684,"{""I1PD1066600599.jpg"": [[460, 3]]}"
བྡ,I1PD106661.txt,I1PD106661,W1PD96684,"{""I1PD1066610134.jpg"": [[735, 5]]}"
དྡཱ,I1PD106661.txt,I1PD106661,W1PD96684,"{""I1PD1066610145.jpg"": [[722, 5]]}"
ལྤཱ,I1PD106661.txt,I1PD106661,W1PD96684,"{""I1PD1066610166.jpg"": [[1065, 8]]}"
དྡཱ,I1PD106661.txt,I1PD106661,W1PD96684,"{""I1PD1066610194.jpg"": [[1228, 8]]}"
རྐྐ,I1PD106661.txt,I1PD106661,W1PD96684,"{""I1PD1066610197.jpg"": [[15, 1]]}"
ངྱ,I1PD106661.txt,I1PD106661,W1PD96684,"{""I1PD1066610211.jpg"": [[180, 1]]}"
ཀྲཱ,I1PD106661.txt,I1PD106661,W1PD96684,"{""I1PD1066610214.jpg"": [[1123, 8]]}"
ཏྶཱ,I1PD106661.txt,I1PD106661,W1PD96684,"{""I1PD1066610218.jpg"": [[662, 6]]}"
ཥྭཱ,I1PD106661.txt,I1PD106661,W1PD96684,"{""I1PD1066610245.jpg"": [[1052, 9]]}"
ཀྟྲ,I1PD106661.txt,I1PD106661,W1PD96684,"{""I1PD1066610248.jpg"": [[216, 2]]}"
པླ,I1PD106661.txt,I1PD106661,W1PD96684,"{""I1PD1066610248.jpg"": [[1040, 9]]}"
སྟྲཱ,I1PD106661.txt,I1PD106661,W1PD96684,"{""I1PD1066610248.jpg"": [[139, 1]]}"
དྱུ,I1PD106661.txt,I1PD106661,W1PD96684,"{""I1PD1066610364.jpg"": [[1073, 11]]}"
ཞྲ,I1PD106661.txt,I1PD106661,W1PD96684,"{""I1PD1066610429.jpg"": [[196, 3]]}"
མྨཱ,I1PD106661.txt,I1PD106661,W1PD96684,"{""I1PD1066610439.jpg"": [[664, 5]]}"
ཞྲ,I1PD106661.txt,I1PD106661,W1PD96684,"{""I1PD1066610453.jpg"": [[713, 6]]}"
ཕྱྭ,I1PD106661.txt,I1PD106661,W1PD96684,"{""I1PD1066610565.jpg"": [[1062, 11]]}"
ཟྲ,I1PD106661.txt,I1PD106661,W1PD96684,"{""I1PD1066610578.jpg"": [[463, 3]]}"
ཟྲ,I1PD106661.txt,I1PD106661,W1PD96684,"{""I1PD1066610580.jpg"": [[1398, 12]]}"
མྤཱ,I1PD106661.txt,I1PD106661,W1PD96684,"{""I1PD1066610642.jpg"": [[1264, 9]]}"
ཙྩུ,I1PD106662.txt,I1PD106662,W1PD96684,"{""I1PD1066620013.jpg"": [[202, 2]]}"
ཊྭ,I1PD106662.txt,I1PD106662,W1PD96684,"{""I1PD1066620025.jpg"": [[678, 5]]}"
ཊྭཱ,I1PD106662.txt,I1PD106662,W1PD96684,"{""I1PD1066620025.jpg"": [[678, 5]]}"
སྐྭ,I1PD106662.txt,I1PD106662,W1PD96684,"{""I1PD1066620046.jpg"": [[756, 5]]}"
དྡཱ,I1PD106662.txt,I1PD106662,W1PD96684,"{""I1PD1066620111.jpg"": [[808, 6]]}"
རྡྭ,I1PD106662.txt,I1PD106662,W1PD96684,"{""I1PD1066620119.jpg"": [[784, 7]]}"
འྱ,I1PD106662.txt,I1PD106662,W1PD96684,"{""I1PD1066620132.jpg"": [[1146, 9]]}"
རྒྭ,I1PD106662.txt,I1PD106662,W1PD96684,"{""I1PD1066620177.jpg"": [[909, 12]]}"
ནྣཱ,I1PD106662.txt,I1PD106662,W1PD96684,"{""I1PD1066620187.jpg"": [[415, 4]]}"
ཊྭ,I1PD106662.txt,I1PD106662,W1PD96684,"{""I1PD1066620282.jpg"": [[177, 2]]}"
ཊྭཱ,I1PD106662.txt,I1PD106662,W1PD96684,"{""I1PD1066620282.jpg"": [[177, 2]]}"
རྲ,I1PD106662.txt,I1PD106662,W1PD96684,"{""I1PD1066620282.jpg"": [[653, 4]]}"
དྡཱ,I1PD106662.txt,I1PD106662,W1PD96684,"{""I1PD1066620289.jpg"": [[1483, 9]]}"
སྐྭ,I1PD106662.txt,I1PD106662,W1PD96684,"{""I1PD1066620474.jpg"": [[978, 9]]}"
ཐྭ,I1PD106662.txt,I1PD106662,W1PD96684,"{""I1PD1066620515.jpg"": [[709, 7]]}"
རྒྭ,I1PD106662.txt,I1PD106662,W1PD96684,"{""I1PD1066620531.jpg"": [[179, 2]]}"
ཀྟྭ,I1PD106662.txt,I1PD106662,W1PD96684,"{""I1PD1066620585.jpg"": [[792, 8]]}"
མྨཱ,I1PD106662.txt,I1PD106662,W1PD96684,"{""I1PD1066620591.jpg"": [[723, 5]]}"
གྣ,I1PD106663.txt,I1PD106663,W1PD96684,"{""I1PD1066630055.jpg"": [[104, 1]]}"
དྱུ,I1PD106663.txt,I1PD106663,W1PD96684,"{""I1PD1066630057.jpg"": [[935, 7]]}"
གྒ,I1PD106663.txt,I1PD106663,W1PD96684,"{""I1PD1066630070.jpg"": [[1301, 9]]}"
དྱུ,I1PD106663.txt,I1PD106663,W1PD96684,"{""I1PD1066630095.jpg"": [[732, 7]]}"
གྒུ,I1PD106663.txt,I1PD106663,W1PD96684,"{""I1PD1066630096.jpg"": [[1516, 11]]}"
གྣ,I1PD106663.txt,I1PD106663,W1PD96684,"{""I1PD1066630101.jpg"": [[1028, 8]]}"
ཐྭ,I1PD106663.txt,I1PD106663,W1PD96684,"{""I1PD1066630102.jpg"": [[1534, 11]]}"
ཥྭཱ,I1PD106663.txt,I1PD106663,W1PD96684,"{""I1PD1066630105.jpg"": [[180, 1]]}"
དྱུ,I1PD106663.txt,I1PD106663,W1PD96684,"{""I1PD1066630106.jpg"": [[948, 6]]}"
དྡཱ,I1PD106663.txt,I1PD106663,W1PD96684,"{""I1PD1066630107.jpg"": [[447, 5]]}"
དྱུ,I1PD106663.txt,I1PD106663,W1PD96684,"{""I1PD1066630107.jpg"": [[1273, 10]]}"
ཀྐཱ,I1PD106663.txt,I1PD106663,W1PD96684,"{""I1PD1066630108.jpg"": [[450, 4]]}"
ཙྩུ,I1PD106663.txt,I1PD106663,W1PD96684,"{""I1PD1066630147.jpg"": [[214, 2]]}"
ཟྲ,I1PD106663.txt,I1PD106663,W1PD96684,"{""I1PD1066630164.jpg"": [[1434, 8]]}"
རྡྭ,I1PD106663.txt,I1PD106663,W1PD96684,"{""I1PD1066630237.jpg"": [[46, 1]]}"
རྒྭ,I1PD106663.txt,I1PD106663,W1PD96684,"{""I1PD1066630242.jpg"": [[573, 4]]}"
རྣུ,I1PD106663.txt,I1PD106663,W1PD96684,"{""I1PD1066630259.jpg"": [[517, 4]]}"
མྤཱ,I1PD106663.txt,I1PD106663,W1PD96684,"{""I1PD1066630339.jpg"": [[459, 4]]}"
དྡཱ,I1PD106663.txt,I1PD106663,W1PD96684,"{""I1PD1066630375.jpg"": [[18, 1]]}"
རྲ,I1PD106663.txt,I1PD106663,W1PD96684,"{""I1PD1066630381.jpg"": [[767, 6]]}"
དྡཱ,I1PD106663.txt,I1PD106663,W1PD96684,"{""I1PD1066630384.jpg"": [[953, 9]]}"
ཎྛཱ,I1PD106663.txt,I1PD106663,W1PD96684,"{""I1PD1066630393.jpg"": [[856, 6]]}"
སྐྭ,I1PD106663.txt,I1PD106663,W1PD96684,"{""I1PD1066630393.jpg"": [[132, 1]]}"
གྭ,I1PD106663.txt,I1PD106663,W1PD96684,"{""I1PD1066630396.jpg"": [[126, 1]]}"
མྨཱ,I1PD106663.txt,I1PD106663,W1PD96684,"{""I1PD1066630407.jpg"": [[1472, 8]]}"
ཌྜ,I1PD106663.txt,I1PD106663,W1PD96684,"{""I1PD1066630418.jpg"": [[1464, 10]]}"
ཌྜྷ,I1PD106663.txt,I1PD106663,W1PD96684,"{""I1PD1066630418.jpg"": [[1464, 10]]}"
ཌྜྷྱ,I1PD106663.txt,I1PD106663,W1PD96684,"{""I1PD1066630418.jpg"": [[1464, 10]]}"
ཎྛཱ,I1PD106663.txt,I1PD106663,W1PD96684,"{""I1PD1066630421.jpg"": [[313, 2]]}"
ཎྛཱ,I1PD106663.txt,I1PD106663,W1PD96684,"{""I1PD1066630424.jpg"": [[1220, 9]]}"
ཟྲ,I1PD106663.txt,I1PD106663,W1PD96684,"{""I1PD1066630456.jpg"": [[709, 5]]}"
ཨྲ,I1PD106663.txt,I1PD106663,W1PD96684,"{""I1PD1066630462.jpg"": [[481, 4]]}"
གྒུ,I1PD106663.txt,I1PD106663,W1PD96684,"{""I1PD1066630506.jpg"": [[1481, 12], [1487, 12]]}"
དྱུ,I1PD106663.txt,I1PD106663,W1PD96684,"{""I1PD1066630530.jpg"": [[1083, 8]]}"
ནྣཱ,I1PD106663.txt,I1PD106663,W1PD96684,"{""I1PD1066630530.jpg"": [[1122, 8]]}"
ཉྫཱ,I1PD106663.txt,I1PD106663,W1PD96684,"{""I1PD1066630564.jpg"": [[1552, 11]]}"
རྲ,I1PD106663.txt,I1PD106663,W1PD96684,"{""I1PD1066630564.jpg"": [[670, 6]]}"
འྱ,I1PD106663.txt,I1PD106663,W1PD96684,"{""I1PD1066630573.jpg"": [[1370, 9]]}"
མྨཱ,I1PD106664.txt,I1PD106664,W1PD96684,"{""I1PD1066640019.jpg"": [[762, 5]]}"
ཀྲཱ,I1PD106664.txt,I1PD106664,W1PD96684,"{""I1PD1066640073.jpg"": [[55, 1]]}"
ཀྲཱ,I1PD106664.txt,I1PD106664,W1PD96684,"{""I1PD1066640141.jpg"": [[1071, 8]]}"
དྱུ,I1PD106664.txt,I1PD106664,W1PD96684,"{""I1PD1066640141.jpg"": [[1084, 8]]}"
ཎྛཱ,I1PD106664.txt,I1PD106664,W1PD96684,"{""I1PD1066640142.jpg"": [[1182, 10]]}"
ཌྭ,I1PD106664.txt,I1PD106664,W1PD96684,"{""I1PD1066640143.jpg"": [[4, 1]]}"
ཏྱུ,I1PD106664.txt,I1PD106664,W1PD96684,"{""I1PD1066640147.jpg"": [[345, 4], [1041, 8], [1293, 9]]}"
ཐྭ,I1PD106664.txt,I1PD106664,W1PD96684,"{""I1PD1066640147.jpg"": [[740, 6]]}"
བྷྲ,I1PD106664.txt,I1PD106664,W1PD96684,"{""I1PD1066640148.jpg"": [[1099, 9]]}"
ཎི༌,I1PD106664.txt,I1PD106664,W1PD96684,"{""I1PD1066640150.jpg"": [[996, 8]]}"
ཀྲཱ,I1PD106664.txt,I1PD106664,W1PD96684,"{""I1PD1066640313.jpg"": [[221, 4]]}"
ཉྫཱ,I1PD106664.txt,I1PD106664,W1PD96684,"{""I1PD1066640566.jpg"": [[175, 2]]}"
སྟྲཱ,I1PD106665.txt,I1PD106665,W1PD96684,"{""I1PD1066650011.jpg"": [[1188, 7]]}"
ཏྣཱ,I1PD106665.txt,I1PD106665,W1PD96684,"{""I1PD1066650042.jpg"": [[419, 4]]}"
ཌྭ,I1PD106665.txt,I1PD106665,W1PD96684,"{""I1PD1066650127.jpg"": [[1251, 9]]}"
ཀྲཱ,I1PD106665.txt,I1PD106665,W1PD96684,"{""I1PD1066650408.jpg"": [[943, 7]]}"
ཀྲཱ,I1PD106665.txt,I1PD106665,W1PD96684,"{""I1PD1066650413.jpg"": [[148, 1]]}"
ཡཱུ,I1PD106665.txt,I1PD106665,W1PD96684,"{""I1PD1066650485.jpg"": [[1068, 9], [1077, 9]]}"
རྲ,I1PD106665.txt,I1PD106665,W1PD96684,"{""I1PD1066650511.jpg"": [[218, 3]]}"
ཉྭ,I1PD106665.txt,I1PD106665,W1PD96684,"{""I1PD1066650528.jpg"": [[823, 6]]}"
ཉྫཱ,I1PD106666.txt,I1PD106666,W1PD96684,"{""I1PD1066660014.jpg"": [[173, 2]]}"
ཡཱུ,I1PD106666.txt,I1PD106666,W1PD96684,"{""I1PD1066660064.jpg"": [[793, 7], [802, 7]]}"
ཕྱྭ,I1PD106666.txt,I1PD106666,W1PD96684,"{""I1PD1066660112.jpg"": [[706, 7]]}"
མྭ,I1PD106666.txt,I1PD106666,W1PD96684,"{""I1PD1066660200.jpg"": [[743, 8]]}"
ཎྜཱུ,I1PD106666.txt,I1PD106666,W1PD96684,"{""I1PD1066660212.jpg"": [[986, 9]]}"
ཡཱུ,I1PD106666.txt,I1PD106666,W1PD96684,"{""I1PD1066660234.jpg"": [[107, 3]]}"
ཌྭ,I1PD106666.txt,I1PD106666,W1PD96684,"{""I1PD1066660250.jpg"": [[1208, 9]]}"
ཡྱ,I1PD106666.txt,I1PD106666,W1PD96684,"{""I1PD1066660253.jpg"": [[1311, 12]]}"
ཏྱུ,I1PD106666.txt,I1PD106666,W1PD96684,"{""I1PD1066660278.jpg"": [[1118, 8]]}"
ཏྱུ,I1PD106666.txt,I1PD106666,W1PD96684,"{""I1PD1066660279.jpg"": [[442, 3]]}"
ནྱཱ,I1PD106666.txt,I1PD106666,W1PD96684,"{""I1PD1066660329.jpg"": [[613, 7]]}"
མྭ,I1PD106666.txt,I1PD106666,W1PD96684,"{""I1PD1066660332.jpg"": [[1458, 11]]}"
ངྒྷ,I1PD106666.txt,I1PD106666,W1PD96684,"{""I1PD1066660336.jpg"": [[458, 7]]}"
ཎཱུ,I1PD106666.txt,I1PD106666,W1PD96684,"{""I1PD1066660340.jpg"": [[980, 7]]}"
ཀྲཱ,I1PD106666.txt,I1PD106666,W1PD96684,"{""I1PD1066660349.jpg"": [[137, 1]]}"
འྱ,I1PD106666.txt,I1PD106666,W1PD96684,"{""I1PD1066660370.jpg"": [[33, 1]]}"
ཛྫཱ,I1PD106666.txt,I1PD106666,W1PD96684,"{""I1PD1066660384.jpg"": [[743, 8]]}"
ཡཱུ,I1PD106666.txt,I1PD106666,W1PD96684,"{""I1PD1066660406.jpg"": [[1191, 11]]}"
ཉྫཱ,I1PD106666.txt,I1PD106666,W1PD96684,"{""I1PD1066660414.jpg"": [[368, 4]]}"
པླ,I1PD106666.txt,I1PD106666,W1PD96684,"{""I1PD1066660417.jpg"": [[1019, 8]]}"
ཌྜ,I1PD106666.txt,I1PD106666,W1PD96684,"{""I1PD1066660428.jpg"": [[1023, 7]]}"
ཎྜཱུ,I1PD106666.txt,I1PD106666,W1PD96684,"{""I1PD1066660431.jpg"": [[1230, 8]]}"
ཌྭ,I1PD106666.txt,I1PD106666,W1PD96684,"{""I1PD1066660441.jpg"": [[225, 2]]}"
གྒུ,I1PD106666.txt,I1PD106666,W1PD96684,"{""I1PD1066660443.jpg"": [[1203, 9]]}"
ཐྭ,I1PD106666.txt,I1PD106666,W1PD96684,"{""I1PD1066660444.jpg"": [[197, 2]]}"
རྫྙ,I1PD106666.txt,I1PD106666,W1PD96684,"{""I1PD1066660453.jpg"": [[1089, 7]]}"
རྐྐ,I1PD106666.txt,I1PD106666,W1PD96684,"{""I1PD1066660467.jpg"": [[281, 2]]}"
རྟྟ,I1PD106666.txt,I1PD106666,W1PD96684,"{""I1PD1066660482.jpg"": [[1137, 9]]}"
རྫྙ,I1PD106666.txt,I1PD106666,W1PD96684,"{""I1PD1066660483.jpg"": [[168, 1]]}"
བྱཱུ,I1PD106666.txt,I1PD106666,W1PD96684,"{""I1PD1066660497.jpg"": [[393, 3]]}"
ཊྭ,I1PD106666.txt,I1PD106666,W1PD96684,"{""I1PD1066660511.jpg"": [[179, 1]]}"
ཊྭཱ,I1PD106666.txt,I1PD106666,W1PD96684,"{""I1PD1066660511.jpg"": [[179, 1]]}"
བྱཱུ,I1PD106666.txt,I1PD106666,W1PD96684,"{""I1PD1066660511.jpg"": [[648, 3]]}"
ཏྠུ,I1PD106666.txt,I1PD106666,W1PD96684,"{""I1PD1066660532.jpg"": [[1263, 10]]}"
ཏྣཱ,I1PD106666.txt,I1PD106666,W1PD96684,"{""I1PD1066660535.jpg"": [[388, 4]]}"
གྒུ,I1PD106666.txt,I1PD106666,W1PD96684,"{""I1PD1066660543.jpg"": [[203, 4]]}"
མྨཱ,I1PD106666.txt,I1PD106666,W1PD96684,"{""I1PD1066660561.jpg"": [[536, 6]]}"
སྟྲཱ,I1PD106666.txt,I1PD106666,W1PD96684,"{""I1PD1066660608.jpg"": [[616, 5]]}"
ངྱ,I1PD106666.txt,I1PD106666,W1PD96684,"{""I1PD1066660609.jpg"": [[1069, 7]]}"
རྦུ,I1PD106667.txt,I1PD106667,W1PD96684,"{""I1PD1066670061.jpg"": [[1496, 11]]}"
མྤཱ,I1PD106667.txt,I1PD106667,W1PD96684,"{""I1PD1066670125.jpg"": [[429, 3]]}"
རྦུ,I1PD106667.txt,I1PD106667,W1PD96684,"{""I1PD1066670129.jpg"": [[1423, 13]]}"
ཡཱུ,I1PD106667.txt,I1PD106667,W1PD96684,"{""I1PD1066670145.jpg"": [[930, 10]]}"
ཏྱུ,I1PD106667.txt,I1PD106667,W1PD96684,"{""I1PD1066670203.jpg"": [[624, 4]]}"
གྭ,I1PD106667.txt,I1PD106667,W1PD96684,"{""I1PD1066670246.jpg"": [[25, 1]]}"
ཌྭ,I1PD106667.txt,I1PD106667,W1PD96684,"{""I1PD1066670383.jpg"": [[266, 2]]}"
ཎྜུ,I1PD106667.txt,I1PD106667,W1PD96684,"{""I1PD1066670384.jpg"": [[496, 3]]}"
ཙྪཱུ,I1PD106667.txt,I1PD106667,W1PD96684,"{""I1PD1066670387.jpg"": [[678, 6]]}"
རྦུ,I1PD106667.txt,I1PD106667,W1PD96684,"{""I1PD1066670412.jpg"": [[48, 1]]}"
ཀྲཱ,I1PD106667.txt,I1PD106667,W1PD96684,"{""I1PD1066670444.jpg"": [[125, 1]]}"
ཆྱ,I1PD106667.txt,I1PD106667,W1PD96684,"{""I1PD1066670445.jpg"": [[848, 7]]}"
ནྱཱ,I1PD106667.txt,I1PD106667,W1PD96684,"{""I1PD1066670465.jpg"": [[775, 6]]}"
ངྒྷ,I1PD106667.txt,I1PD106667,W1PD96684,"{""I1PD1066670466.jpg"": [[1421, 10]]}"
མྥ,I1PD106667.txt,I1PD106667,W1PD96684,"{""I1PD1066670496.jpg"": [[762, 7]]}"
ཀྲཱ,I1PD106667.txt,I1PD106667,W1PD96684,"{""I1PD1066670535.jpg"": [[904, 7]]}"
རྡྭ,I1PD106667.txt,I1PD106667,W1PD96684,"{""I1PD1066670535.jpg"": [[80, 1]]}"
ཏྱུ,I1PD106667.txt,I1PD106667,W1PD96684,"{""I1PD1066670536.jpg"": [[1397, 9]]}"
ཛྫཱ,I1PD106667.txt,I1PD106667,W1PD96684,"{""I1PD1066670536.jpg"": [[992, 5]]}"
ནྱཱ,I1PD106667.txt,I1PD106667,W1PD96684,"{""I1PD1066670538.jpg"": [[842, 6]]}"
འྱ,I1PD106667.txt,I1PD106667,W1PD96684,"{""I1PD1066670541.jpg"": [[838, 9]]}"
ཉྫཱ,I1PD106667.txt,I1PD106667,W1PD96684,"{""I1PD1066670544.jpg"": [[74, 1]]}"
རྡྭ,I1PD106667.txt,I1PD106667,W1PD96684,"{""I1PD1066670553.jpg"": [[1259, 11]]}"
ཏྠུ,I1PD106667.txt,I1PD106667,W1PD96684,"{""I1PD1066670573.jpg"": [[243, 2]]}"
ཡྱ,I1PD106668.txt,I1PD106668,W1PD96684,"{""I1PD1066680012.jpg"": [[186, 2]]}"
ཊྚཱ,I1PD106668.txt,I1PD106668,W1PD96684,"{""I1PD1066680051.jpg"": [[1267, 7]]}"
ཎྛཱ,I1PD106668.txt,I1PD106668,W1PD96684,"{""I1PD1066680230.jpg"": [[142, 1]]}"
རྐྐ,I1PD106668.txt,I1PD106668,W1PD96684,"{""I1PD1066680341.jpg"": [[255, 3]]}"
ཝྱ,I1PD106668.txt,I1PD106668,W1PD96684,"{""I1PD1066680364.jpg"": [[1184, 9]]}"
ཎྜུ,I1PD106668.txt,I1PD106668,W1PD96684,"{""I1PD1066680446.jpg"": [[556, 4]]}"
མྤཱ,I1PD106668.txt,I1PD106668,W1PD96684,"{""I1PD1066680490.jpg"": [[902, 6]]}"
ཌྜ,I1PD106668.txt,I1PD106668,W1PD96684,"{""I1PD1066680523.jpg"": [[1233, 8]]}"
ཏྱུ,I1PD106668.txt,I1PD106668,W1PD96684,"{""I1PD1066680523.jpg"": [[113, 1], [1249, 9]]}"
འྱ,I1PD106668.txt,I1PD106668,W1PD96684,"{""I1PD1066680524.jpg"": [[639, 5]]}"
ཌྜ,I1PD106668.txt,I1PD106668,W1PD96684,"{""I1PD1066680525.jpg"": [[71, 1]]}"
ཌྜྷ,I1PD106668.txt,I1PD106668,W1PD96684,"{""I1PD1066680525.jpg"": [[71, 1]]}"
ཌྜྷྱ,I1PD106668.txt,I1PD106668,W1PD96684,"{""I1PD1066680525.jpg"": [[71, 1]]}"
ཉྭ,I1PD106668.txt,I1PD106668,W1PD96684,"{""I1PD1066680529.jpg"": [[149, 1]]}"
ནྱཱ,I1PD106668.txt,I1PD106668,W1PD96684,"{""I1PD1066680606.jpg"": [[341, 3]]}"
ནྤ,I1PD106669.txt,I1PD106669,W1PD96684,"{""I1PD1066690024.jpg"": [[65, 1]]}"
མྭ,I1PD106669.txt,I1PD106669,W1PD96684,"{""I1PD1066690029.jpg"": [[1306, 10]]}"
བྱཱུ,I1PD106669.txt,I1PD106669,W1PD96684,"{""I1PD1066690048.jpg"": [[115, 1]]}"
ནྱཱ,I1PD106669.txt,I1PD106669,W1PD96684,"{""I1PD1066690051.jpg"": [[681, 5]]}"
ཝྱ,I1PD106669.txt,I1PD106669,W1PD96684,"{""I1PD1066690052.jpg"": [[248, 2]]}"
ཉྭ,I1PD106669.txt,I1PD106669,W1PD96684,"{""I1PD1066690081.jpg"": [[317, 2]]}"
གྒུ,I1PD106669.txt,I1PD106669,W1PD96684,"{""I1PD1066690094.jpg"": [[414, 4]]}"
རྐྐ,I1PD106669.txt,I1PD106669,W1PD96684,"{""I1PD1066690124.jpg"": [[360, 5]]}"
རྞྞཱ,I1PD106669.txt,I1PD106669,W1PD96684,"{""I1PD1066690138.jpg"": [[199, 2]]}"
ཎྭ,I1PD106669.txt,I1PD106669,W1PD96684,"{""I1PD1066690146.jpg"": [[896, 7]]}"
ཐྭ,I1PD106669.txt,I1PD106669,W1PD96684,"{""I1PD1066690154.jpg"": [[525, 4]]}"
སྟྲཱ,I1PD106669.txt,I1PD106669,W1PD96684,"{""I1PD1066690162.jpg"": [[402, 4]]}"
རྒྭ,I1PD106669.txt,I1PD106669,W1PD96684,"{""I1PD1066690237.jpg"": [[179, 2]]}"
ནྱཱ,I1PD106669.txt,I1PD106669,W1PD96684,"{""I1PD1066690245.jpg"": [[478, 3]]}"
གྭ,I1PD106669.txt,I1PD106669,W1PD96684,"{""I1PD1066690333.jpg"": [[603, 5]]}"
གྒུ,I1PD106669.txt,I1PD106669,W1PD96684,"{""I1PD1066690349.jpg"": [[1423, 10]]}"
གྒུ,I1PD106669.txt,I1PD106669,W1PD96684,"{""I1PD1066690375.jpg"": [[925, 10]]}"
མྨཱ,I1PD106669.txt,I1PD106669,W1PD96684,"{""I1PD1066690386.jpg"": [[187, 2]]}"
དྡུ,I1PD106669.txt,I1PD106669,W1PD96684,"{""I1PD1066690431.jpg"": [[1044, 9]]}"
ཏྠུ,I1PD106669.txt,I1PD106669,W1PD96684,"{""I1PD1066690479.jpg"": [[200, 3]]}"
ཏྣཱ,I1PD106669.txt,I1PD106669,W1PD96684,"{""I1PD1066690485.jpg"": [[522, 4]]}"
ངྒྷ,I1PD106669.txt,I1PD106669,W1PD96684,"{""I1PD1066690497.jpg"": [[219, 4]]}"
ཀྟྲ,I1PD106669.txt,I1PD106669,W1PD96684,"{""I1PD1066690518.jpg"": [[344, 4]]}"
པླ,I1PD106669.txt,I1PD106669,W1PD96684,"{""I1PD1066690624.jpg"": [[1223, 8]]}"
ཌྜ,I1PD106669.txt,I1PD106669,W1PD96684,"{""I1PD1066690628.jpg"": [[731, 6]]}"
རྐྐ,I1PD106669.txt,I1PD106669,W1PD96684,"{""I1PD1066690633.jpg"": [[666, 5]]}"
ཊྭ,I1PD106669.txt,I1PD106669,W1PD96684,"{""I1PD1066690642.jpg"": [[583, 4]]}"
ཊྭཱ,I1PD106669.txt,I1PD106669,W1PD96684,"{""I1PD1066690642.jpg"": [[583, 4]]}"
ཎྜཱུ,I1PD106669.txt,I1PD106669,W1PD96684,"{""I1PD1066690649.jpg"": [[5, 1]]}"
རྠཱ,I1PD106669.txt,I1PD106669,W1PD96684,"{""I1PD1066690656.jpg"": [[154, 1]]}"
ལླུ,I1PD106670.txt,I1PD106670,W1PD96684,"{""I1PD1066700124.jpg"": [[630, 4], [640, 4]]}"
བྷྲ,I1PD106670.txt,I1PD106670,W1PD96684,"{""I1PD1066700161.jpg"": [[796, 6], [806, 6]]}"
གྭ,I1PD106670.txt,I1PD106670,W1PD96684,"{""I1PD1066700202.jpg"": [[663, 6]]}"
གྭ,I1PD106670.txt,I1PD106670,W1PD96684,"{""I1PD1066700203.jpg"": [[160, 2]]}"
ཏྠུ,I1PD106670.txt,I1PD106670,W1PD96684,"{""I1PD1066700259.jpg"": [[529, 4]]}"
ཛྫཱ,I1PD106670.txt,I1PD106670,W1PD96684,"{""I1PD1066700276.jpg"": [[726, 8]]}"
བྷྲ,I1PD106670.txt,I1PD106670,W1PD96684,"{""I1PD1066700285.jpg"": [[970, 7]]}"
ཎྜུ,I1PD106670.txt,I1PD106670,W1PD96684,"{""I1PD1066700288.jpg"": [[97, 1]]}"
ཎྛཱ,I1PD106670.txt,I1PD106670,W1PD96684,"{""I1PD1066700294.jpg"": [[259, 2]]}"
མྤཱ,I1PD106670.txt,I1PD106670,W1PD96684,"{""I1PD1066700294.jpg"": [[793, 8]]}"
ཙྩཱ,I1PD106670.txt,I1PD106670,W1PD96684,"{""I1PD1066700295.jpg"": [[254, 3]]}"
རྐྐ,I1PD106670.txt,I1PD106670,W1PD96684,"{""I1PD1066700301.jpg"": [[1379, 11]]}"
ཎཱུ,I1PD106670.txt,I1PD106670,W1PD96684,"{""I1PD1066700339.jpg"": [[1239, 7]]}"
པླ,I1PD106670.txt,I1PD106670,W1PD96684,"{""I1PD1066700347.jpg"": [[1412, 9]]}"
པླ,I1PD106670.txt,I1PD106670,W1PD96684,"{""I1PD1066700348.jpg"": [[1493, 8]]}"
ཕྱྭ,I1PD106670.txt,I1PD106670,W1PD96684,"{""I1PD1066700354.jpg"": [[505, 3]]}"
པླ,I1PD106670.txt,I1PD106670,W1PD96684,"{""I1PD1066700476.jpg"": [[1082, 8]]}"
ཊྭ,I1PD106670.txt,I1PD106670,W1PD96684,"{""I1PD1066700496.jpg"": [[118, 1]]}"
ཊྭཱ,I1PD106670.txt,I1PD106670,W1PD96684,"{""I1PD1066700496.jpg"": [[118, 1]]}"
ཙྪུ,I1PD106670.txt,I1PD106670,W1PD96684,"{""I1PD1066700505.jpg"": [[1414, 11]]}"
ཎྜཱུ,I1PD106670.txt,I1PD106670,W1PD96684,"{""I1PD1066700509.jpg"": [[567, 5]]}"
རྦུ,I1PD106670.txt,I1PD106670,W1PD96684,"{""I1PD1066700546.jpg"": [[255, 3]]}"
ཙྪུ,I1PD106670.txt,I1PD106670,W1PD96684,"{""I1PD1066700593.jpg"": [[1296, 8]]}"
ནཱུ,I1PD106670.txt,I1PD106670,W1PD96684,"{""I1PD1066700594.jpg"": [[1219, 8]]}"
རྦུ,I1PD106670.txt,I1PD106670,W1PD96684,"{""I1PD1066700603.jpg"": [[1015, 8]]}"
ནྤ,I1PD106671.txt,I1PD106671,W1PD96684,"{""I1PD1066710086.jpg"": [[1501, 11]]}"
ཙྪུ,I1PD106671.txt,I1PD106671,W1PD96684,"{""I1PD1066710311.jpg"": [[1442, 10]]}"
ལྤཱ,I1PD106671.txt,I1PD106671,W1PD96684,"{""I1PD1066710336.jpg"": [[716, 4]]}"
ཀླཱ,I1PD106671.txt,I1PD106671,W1PD96684,"{""I1PD1066710493.jpg"": [[147, 2]]}"
སྱུ,I1PD106671.txt,I1PD106671,W1PD96684,"{""I1PD1066710575.jpg"": [[766, 6]]}"
ཟྲ,I1PD106671.txt,I1PD106671,W1PD96684,"{""I1PD1066710590.jpg"": [[1222, 7]]}"
ཡྱ,I1PD106672.txt,I1PD106672,W1PD96684,"{""I1PD1066720056.jpg"": [[952, 8]]}"
ཉྫཱ,I1PD106672.txt,I1PD106672,W1PD96684,"{""I1PD1066720072.jpg"": [[1290, 10]]}"
ཟྲ,I1PD106672.txt,I1PD106672,W1PD96684,"{""I1PD1066720313.jpg"": [[1017, 10]]}"
ཊྚཱ,I1PD106672.txt,I1PD106672,W1PD96684,"{""I1PD1066720317.jpg"": [[366, 3]]}"
ཙྩུ,I1PD106672.txt,I1PD106672,W1PD96684,"{""I1PD1066720317.jpg"": [[31, 1]]}"
པླ,I1PD106672.txt,I1PD106672,W1PD96684,"{""I1PD1066720369.jpg"": [[88, 1]]}"
ཊྚཱ,I1PD106672.txt,I1PD106672,W1PD96684,"{""I1PD1066720420.jpg"": [[1094, 8]]}"
ཚཱུ,I1PD106672.txt,I1PD106672,W1PD96684,"{""I1PD1066720457.jpg"": [[1098, 8]]}"
ཎྜུ,I1PD106672.txt,I1PD106672,W1PD96684,"{""I1PD1066720610.jpg"": [[603, 5]]}"
གྨ,I1PD106673.txt,I1PD106673,W1PD96684,"{""I1PD1066730110.jpg"": [[199, 1]]}"
ཎྭ,I1PD106673.txt,I1PD106673,W1PD96684,"{""I1PD1066730211.jpg"": [[424, 6]]}"
ཆྱ,I1PD106673.txt,I1PD106673,W1PD96684,"{""I1PD1066730238.jpg"": [[1194, 8]]}"
པླ,I1PD106673.txt,I1PD106673,W1PD96684,"{""I1PD1066730279.jpg"": [[368, 2]]}"
རྲ,I1PD106673.txt,I1PD106673,W1PD96684,"{""I1PD1066730290.jpg"": [[387, 4]]}"
ཛྫཱ,I1PD106673.txt,I1PD106673,W1PD96684,"{""I1PD1066730420.jpg"": [[271, 2]]}"
ཎྜུ,I1PD106673.txt,I1PD106673,W1PD96684,"{""I1PD1066730476.jpg"": [[1299, 10]]}"
ཉྭ,I1PD106673.txt,I1PD106673,W1PD96684,"{""I1PD1066730499.jpg"": [[1157, 11]]}"
མྭ,I1PD106673.txt,I1PD106673,W1PD96684,"{""I1PD1066730504.jpg"": [[868, 6]]}"
ཡྱ,I1PD106673.txt,I1PD106673,W1PD96684,"{""I1PD1066730504.jpg"": [[1514, 9]]}"
ཉྩུ,I1PD106674.txt,I1PD106674,W1PD96684,"{""I1PD1066740039.jpg"": [[1199, 12]]}"
ཉྭ,I1PD106674.txt,I1PD106674,W1PD96684,"{""I1PD1066740058.jpg"": [[554, 6]]}"
ངྒྷ,I1PD106674.txt,I1PD106674,W1PD96684,"{""I1PD1066740062.jpg"": [[522, 5]]}"
ཉྫཱ,I1PD106674.txt,I1PD106674,W1PD96684,"{""I1PD1066740062.jpg"": [[1422, 10]]}"
ཛྫཱ,I1PD106674.txt,I1PD106674,W1PD96684,"{""I1PD1066740065.jpg"": [[310, 2]]}"
བྷྲ,I1PD106674.txt,I1PD106674,W1PD96684,"{""I1PD1066740067.jpg"": [[1009, 7], [1016, 7]]}"
ཏྶུ,I1PD106674.txt,I1PD106674,W1PD96684,"{""I1PD1066740211.jpg"": [[1315, 12]]}"
ཛྫཱ,I1PD106674.txt,I1PD106674,W1PD96684,"{""I1PD1066740215.jpg"": [[344, 2]]}"
ཙྪུ,I1PD106674.txt,I1PD106674,W1PD96684,"{""I1PD1066740216.jpg"": [[1070, 9]]}"
ངྒྷ,I1PD106674.txt,I1PD106674,W1PD96684,"{""I1PD1066740248.jpg"": [[1461, 12]]}"
ཞྱ,I1PD106674.txt,I1PD106674,W1PD96684,"{""I1PD1066740287.jpg"": [[558, 7]]}"
ངྒྷ,I1PD106674.txt,I1PD106674,W1PD96684,"{""I1PD1066740323.jpg"": [[542, 4]]}"
ནྡཱུ,I1PD106674.txt,I1PD106674,W1PD96684,"{""I1PD1066740367.jpg"": [[1223, 8]]}"
ཉྫཱ,I1PD106674.txt,I1PD106674,W1PD96684,"{""I1PD1066740392.jpg"": [[392, 3]]}"
ཀླཱ,I1PD106674.txt,I1PD106674,W1PD96684,"{""I1PD1066740395.jpg"": [[752, 4]]}"
ཆྱ,I1PD106674.txt,I1PD106674,W1PD96684,"{""I1PD1066740396.jpg"": [[11, 1]]}"
ཀྟྭ,I1PD106674.txt,I1PD106674,W1PD96684,"{""I1PD1066740397.jpg"": [[412, 4]]}"
ཉྫཱ,I1PD106674.txt,I1PD106674,W1PD96684,"{""I1PD1066740401.jpg"": [[1127, 11]]}"
ནྱཱ,I1PD106674.txt,I1PD106674,W1PD96684,"{""I1PD1066740406.jpg"": [[136, 2]]}"
ནྱཱ,I1PD106674.txt,I1PD106674,W1PD96684,"{""I1PD1066740529.jpg"": [[283, 3]]}"
རྒྭ,I1PD106674.txt,I1PD106674,W1PD96684,"{""I1PD1066740568.jpg"": [[134, 2]]}"
ཉྱ,I1PD106674.txt,I1PD106674,W1PD96684,"{""I1PD1066740569.jpg"": [[113, 2]]}"
ངྒྷ,I1PD106674.txt,I1PD106674,W1PD96684,"{""I1PD1066740623.jpg"": [[1004, 8]]}"
མྤཱ,I1PD106674.txt,I1PD106674,W1PD96684,"{""I1PD1066740624.jpg"": [[146, 1]]}"
ཎཱུ,I1PD106674.txt,I1PD106674,W1PD96684,"{""I1PD1066740648.jpg"": [[594, 5]]}"
བྷྲ,I1PD106674.txt,I1PD106674,W1PD96684,"{""I1PD1066740657.jpg"": [[190, 2]]}"
ལླུ,I1PD106674.txt,I1PD106674,W1PD96684,"{""I1PD1066740661.jpg"": [[167, 1]]}"
ཞྱ,I1PD106675.txt,I1PD106675,W1PD96684,"{""I1PD1066750113.jpg"": [[1180, 8]]}"
རྐྐ,I1PD106675.txt,I1PD106675,W1PD96684,"{""I1PD1066750116.jpg"": [[122, 1]]}"
ཌྜ,I1PD106675.txt,I1PD106675,W1PD96684,"{""I1PD1066750155.jpg"": [[1025, 12]]}"
རྫྙ,I1PD106675.txt,I1PD106675,W1PD96684,"{""I1PD1066750155.jpg"": [[963, 12]]}"
ཕྱྭ,I1PD106675.txt,I1PD106675,W1PD96684,"{""I1PD1066750216.jpg"": [[1101, 8]]}"
ཥྭཱ,I1PD106675.txt,I1PD106675,W1PD96684,"{""I1PD1066750304.jpg"": [[948, 8]]}"
ཊཱུ,I1PD106675.txt,I1PD106675,W1PD96684,"{""I1PD1066750322.jpg"": [[1205, 10]]}"
ཉྫཱ,I1PD106675.txt,I1PD106675,W1PD96684,"{""I1PD1066750334.jpg"": [[1023, 8]]}"
གྭ,I1PD106675.txt,I1PD106675,W1PD96684,"{""I1PD1066750389.jpg"": [[1455, 11]]}"
རྟྟ,I1PD106675.txt,I1PD106675,W1PD96684,"{""I1PD1066750453.jpg"": [[300, 3]]}"
ཎྜུ,I1PD106675.txt,I1PD106675,W1PD96684,"{""I1PD1066750459.jpg"": [[1057, 11]]}"
ཝྱ,I1PD106675.txt,I1PD106675,W1PD96684,"{""I1PD1066750476.jpg"": [[212, 3]]}"
ནྤ,I1PD106675.txt,I1PD106675,W1PD96684,"{""I1PD1066750481.jpg"": [[64, 1]]}"
ཎྜུ,I1PD106675.txt,I1PD106675,W1PD96684,"{""I1PD1066750486.jpg"": [[210, 3]]}"
སྱུ,I1PD106675.txt,I1PD106675,W1PD96684,"{""I1PD1066750535.jpg"": [[10, 1]]}"
ཏྱུ,I1PD106675.txt,I1PD106675,W1PD96684,"{""I1PD1066750540.jpg"": [[594, 6]]}"
ཥྨཱ,I1PD106676.txt,I1PD106676,W1PD96684,"{""I1PD1066760072.jpg"": [[471, 5]]}"
ཊྭ,I1PD106676.txt,I1PD106676,W1PD96684,"{""I1PD1066760074.jpg"": [[558, 5]]}"
ཊྭཱ,I1PD106676.txt,I1PD106676,W1PD96684,"{""I1PD1066760074.jpg"": [[558, 5]]}"
ལླུ,I1PD106676.txt,I1PD106676,W1PD96684,"{""I1PD1066760097.jpg"": [[7, 1]]}"
རྤ,I1PD106676.txt,I1PD106676,W1PD96684,"{""I1PD1066760111.jpg"": [[850, 7]]}"
ཎཱུ,I1PD106676.txt,I1PD106676,W1PD96684,"{""I1PD1066760246.jpg"": [[916, 8]]}"
ཥྭཱ,I1PD106676.txt,I1PD106676,W1PD96684,"{""I1PD1066760277.jpg"": [[827, 9]]}"
ཌྜ,I1PD106676.txt,I1PD106676,W1PD96684,"{""I1PD1066760298.jpg"": [[281, 3]]}"
ཌྜྷ,I1PD106676.txt,I1PD106676,W1PD96684,"{""I1PD1066760298.jpg"": [[281, 3]]}"
ཌྜྷྱ,I1PD106676.txt,I1PD106676,W1PD96684,"{""I1PD1066760298.jpg"": [[281, 3]]}"
རྣུ,I1PD106676.txt,I1PD106676,W1PD96684,"{""I1PD1066760301.jpg"": [[593, 4]]}"
ཙྩཱ,I1PD106676.txt,I1PD106676,W1PD96684,"{""I1PD1066760312.jpg"": [[382, 4]]}"
རྲ,I1PD106676.txt,I1PD106676,W1PD96684,"{""I1PD1066760322.jpg"": [[412, 3]]}"
ལླུ,I1PD106676.txt,I1PD106676,W1PD96684,"{""I1PD1066760336.jpg"": [[4, 2]]}"
ནྤ,I1PD106676.txt,I1PD106676,W1PD96684,"{""I1PD1066760348.jpg"": [[1162, 9]]}"
རྲ,I1PD106676.txt,I1PD106676,W1PD96684,"{""I1PD1066760415.jpg"": [[1014, 7]]}"
གྫ,I1PD106676.txt,I1PD106676,W1PD96684,"{""I1PD1066760467.jpg"": [[258, 4]]}"
མྤཱ,I1PD106676.txt,I1PD106676,W1PD96684,"{""I1PD1066760543.jpg"": [[1021, 10]]}"
ཎཱུ,I1PD106677.txt,I1PD106677,W1PD96684,"{""I1PD1066770149.jpg"": [[463, 4]]}"
ཟྱ,I1PD106677.txt,I1PD106677,W1PD96684,"{""I1PD1066770476.jpg"": [[669, 5]]}"
ཉྭ,I1PD106677.txt,I1PD106677,W1PD96684,"{""I1PD1066770531.jpg"": [[846, 10]]}"
ཝྱ,I1PD106678.txt,I1PD106678,W1PD96684,"{""I1PD1066780565.jpg"": [[778, 5]]}"
གྫ,I1PD106678.txt,I1PD106678,W1PD96684,"{""I1PD1066780595.jpg"": [[681, 8]]}"
ཙྩུ,I1PD106679.txt,I1PD106679,W1PD96684,"{""I1PD1066790074.jpg"": [[328, 3]]}"
རྣུ,I1PD106679.txt,I1PD106679,W1PD96684,"{""I1PD1066790508.jpg"": [[524, 4]]}"
མྤཱ,I1PD106679.txt,I1PD106679,W1PD96684,"{""I1PD1066790682.jpg"": [[422, 5]]}"
ཟྱ,I1PD106680.txt,I1PD106680,W1PD96684,"{""I1PD1066800386.jpg"": [[729, 7]]}"
ཝྱ,I1PD106680.txt,I1PD106680,W1PD96684,"{""I1PD1066800392.jpg"": [[194, 4]]}"
ཎྜུ,I1PD106681.txt,I1PD106681,W1PD96684,"{""I1PD1066810238.jpg"": [[518, 4]]}"
ཕྱྭ,I1PD106682.txt,I1PD106682,W1PD96684,"{""I1PD1066820239.jpg"": [[262, 2]]}"
གྡ,I1PD106682.txt,I1PD106682,W1PD96684,"{""I1PD1066820249.jpg"": [[530, 5]]}"
སྟྱ,I1PD106682.txt,I1PD106682,W1PD96684,"{""I1PD1066820263.jpg"": [[455, 4]]}"
རྒྭ,I1PD106683.txt,I1PD106683,W1PD96684,"{""I1PD1066830118.jpg"": [[144, 2]]}"
ཉྱ,I1PD106683.txt,I1PD106683,W1PD96684,"{""I1PD1066830234.jpg"": [[261, 4]]}"
ཞྱ,I1PD106683.txt,I1PD106683,W1PD96684,"{""I1PD1066830387.jpg"": [[539, 4]]}"
ཀྟྭ,I1PD106683.txt,I1PD106683,W1PD96684,"{""I1PD1066830530.jpg"": [[704, 7]]}"
ཀྟྭ,I1PD106683.txt,I1PD106683,W1PD96684,"{""I1PD1066830616.jpg"": [[170, 3]]}"
བྱཱུ,I1PD106684.txt,I1PD106684,W1PD96684,"{""I1PD1066840662.jpg"": [[176, 3]]}"
ཥྭཱ,I1PD106684.txt,I1PD106684,W1PD96684,"{""I1PD1066840688.jpg"": [[127, 2]]}"
ཉྭ,I1PD106685.txt,I1PD106685,W1PD96684,"{""I1PD1066850232.jpg"": [[801, 8]]}"
ཏྠུ,I1PD106685.txt,I1PD106685,W1PD96684,"{""I1PD1066850404.jpg"": [[513, 5]]}"
ཙྩུ,I1PD106685.txt,I1PD106685,W1PD96684,"{""I1PD1066850496.jpg"": [[341, 2]]}"
ཉྩུ,I1PD106685.txt,I1PD106685,W1PD96684,"{""I1PD1066850564.jpg"": [[313, 2]]}"
ཕྱྭ,I1PD106685.txt,I1PD106685,W1PD96684,"{""I1PD1066850674.jpg"": [[755, 5]]}"
ཨྱ,I1PD106685.txt,I1PD106685,W1PD96684,"{""I1PD1066850695.jpg"": [[1321, 13]]}"
ཞྱ,I1PD106686.txt,I1PD106686,W1PD96684,"{""I1PD1066860059.jpg"": [[12, 1]]}"
མྭ,I1PD106686.txt,I1PD106686,W1PD96684,"{""I1PD1066860081.jpg"": [[699, 6]]}"
ཙྩུ,I1PD106686.txt,I1PD106686,W1PD96684,"{""I1PD1066860104.jpg"": [[170, 2]]}"
ཊྚཱ,I1PD106686.txt,I1PD106686,W1PD96684,"{""I1PD1066860265.jpg"": [[715, 7]]}"
ཉྱ,I1PD106687.txt,I1PD106687,W1PD96684,"{""I1PD1066870330.jpg"": [[786, 6]]}"
ཏྠུ,I1PD106687.txt,I1PD106687,W1PD96684,"{""I1PD1066870435.jpg"": [[503, 6]]}"
རྒྭ,I1PD106687.txt,I1PD106687,W1PD96684,"{""I1PD1066870600.jpg"": [[1253, 10]]}"
མྭ,I1PD106688.txt,I1PD106688,W1PD96684,"{""I1PD1066880009.jpg"": [[1201, 9]]}"
ཎཱུ,I1PD106688.txt,I1PD106688,W1PD96684,"{""I1PD1066880518.jpg"": [[984, 8]]}"
ཆྱ,I1PD106688.txt,I1PD106688,W1PD96684,"{""I1PD1066880532.jpg"": [[166, 2]]}"
ཉྱ,I1PD106689.txt,I1PD106689,W1PD96684,"{""I1PD1066890408.jpg"": [[594, 5]]}"
ཉྱ,I1PD106689.txt,I1PD106689,W1PD96684,"{""I1PD1066890587.jpg"": [[356, 4]]}"
ཞྱ,I1PD106689.txt,I1PD106689,W1PD96684,"{""I1PD1066890616.jpg"": [[356, 4]]}"
ཙྪུ,I1PD106690.txt,I1PD106690,W1PD96684,"{""I1PD1066900228.jpg"": [[1165, 11]]}"
ཞྱ,I1PD106690.txt,I1PD106690,W1PD96684,"{""I1PD1066900309.jpg"": [[721, 6]]}"
ཏྠུ,I1PD106690.txt,I1PD106690,W1PD96684,"{""I1PD1066900441.jpg"": [[1142, 9]]}"
ནཱུ,I1PD106691.txt,I1PD106691,W1PD96684,"{""I1PD1066910263.jpg"": [[1394, 10]]}"
ཉྱ,I1PD106691.txt,I1PD106691,W1PD96684,"{""I1PD1066910348.jpg"": [[375, 5]]}"
ཎྭ,I1PD106691.txt,I1PD106691,W1PD96684,"{""I1PD1066910561.jpg"": [[802, 5]]}"
ཆྱ,I1PD106691.txt,I1PD106691,W1PD96684,"{""I1PD1066910599.jpg"": [[667, 6]]}"
ཙྩཱ,I1PD106692.txt,I1PD106692,W1PD96684,"{""I1PD1066920024.jpg"": [[193, 2]]}"
ཙླ,I1PD106692.txt,I1PD106692,W1PD96684,"{""I1PD1066920042.jpg"": [[824, 6]]}"
ཊྭ,I1PD106692.txt,I1PD106692,W1PD96684,"{""I1PD1066920326.jpg"": [[250, 5]]}"
ཊྭཱ,I1PD106692.txt,I1PD106692,W1PD96684,"{""I1PD1066920326.jpg"": [[250, 5]]}"
མྨཱ,I1PD106692.txt,I1PD106692,W1PD96684,"{""I1PD1066920624.jpg"": [[378, 6]]}"
ལྫ,I1PD106693.txt,I1PD106693,W1PD96684,"{""I1PD1066930316.jpg"": [[603, 5]]}"
ཙླ,I1PD106693.txt,I1PD106693,W1PD96684,"{""I1PD1066930438.jpg"": [[491, 5]]}"
ལྫ,I1PD106694.txt,I1PD106694,W1PD96684,"{""I1PD1066940452.jpg"": [[328, 3]]}"
ཏྠུ,I1PD106695.txt,I1PD106695,W1PD96684,"{""I1PD1066950520.jpg"": [[1451, 11]]}"
བྱཱུ,I1PD106696.txt,I1PD106696,W1PD96684,"{""I1PD1066960070.jpg"": [[203, 2]]}"
མྭ,I1PD106696.txt,I1PD106696,W1PD96684,"{""I1PD1066960185.jpg"": [[341, 2]]}"
ལྫ,I1PD106696.txt,I1PD106696,W1PD96684,"{""I1PD1066960340.jpg"": [[267, 2]]}"
མྭ,I1PD106696.txt,I1PD106696,W1PD96684,"{""I1PD1066960472.jpg"": [[1082, 7]]}"
ཡྱ,I1PD106697.txt,I1PD106697,W1PD96684,"{""I1PD1066970628.jpg"": [[943, 7]]}"
ཉྭ,I1PD106698.txt,I1PD106698,W1PD96684,"{""I1PD1066980068.jpg"": [[562, 3]]}"
ཎྭ,I1PD106698.txt,I1PD106698,W1PD96684,"{""I1PD1066980158.jpg"": [[271, 2]]}"
པྲུ,I1PD106698.txt,I1PD106698,W1PD96684,"{""I1PD1066980169.jpg"": [[204, 4]]}"
ཞྱ,I1PD106699.txt,I1PD106699,W1PD96684,"{""I1PD1066990112.jpg"": [[93, 1]]}"
ཉྱ,I1PD106700.txt,I1PD106700,W1PD96684,"{""I1PD1067000019.jpg"": [[323, 3]]}"
ཎྭ,I1PD106700.txt,I1PD106700,W1PD96684,"{""I1PD1067000365.jpg"": [[93, 1]]}"
ཡྱ,I1PD106700.txt,I1PD106700,W1PD96684,"{""I1PD1067000422.jpg"": [[360, 3]]}"
རྟྟ,I1PD106701.txt,I1PD106701,W1PD96684,"{""I1PD1067010205.jpg"": [[612, 6]]}"
ཆྱ,I1PD106702.txt,I1PD106702,W1PD96684,"{""I1PD1067020382.jpg"": [[1470, 12]]}"
ཆྱ,I1PD106702.txt,I1PD106702,W1PD96684,"{""I1PD1067020542.jpg"": [[1320, 9]]}"
བྱཱུ,I1PD106703.txt,I1PD106703,W1PD96684,"{""I1PD1067030248.jpg"": [[1201, 9]]}"
མྭ,I1PD106703.txt,I1PD106703,W1PD96684,"{""I1PD1067030555.jpg"": [[698, 5]]}"
ཉྩུ,I1PD106703.txt,I1PD106703,W1PD96684,"{""I1PD1067030573.jpg"": [[1256, 9]]}"
ཝྱ,I1PD106703.txt,I1PD106703,W1PD96684,"{""I1PD1067030662.jpg"": [[1134, 10]]}"
གྨ,I1PD106704.txt,I1PD106704,W1PD96684,"{""I1PD1067040039.jpg"": [[1187, 10]]}"
ཉྱ,I1PD106705.txt,I1PD106705,W1PD96684,"{""I1PD1067050430.jpg"": [[1244, 10]]}"
ཊྭ,I1PD106705.txt,I1PD106705,W1PD96684,"{""I1PD1067050712.jpg"": [[262, 2]]}"
ཊྭཱ,I1PD106705.txt,I1PD106705,W1PD96684,"{""I1PD1067050712.jpg"": [[262, 2]]}"
ཞྱ,I1PD106706.txt,I1PD106706,W1PD96684,"{""I1PD1067060276.jpg"": [[876, 7]]}"
གྫ,I1PD106709.txt,I1PD106709,W1PD96684,"{""I1PD1067090061.jpg"": [[578, 4]]}"
ནྡཱུ,I1PD106709.txt,I1PD106709,W1PD96684,"{""I1PD1067090149.jpg"": [[743, 6]]}"
ཝྱ,I1PD106709.txt,I1PD106709,W1PD96684,"{""I1PD1067090546.jpg"": [[228, 4]]}"
སྟྱ,I1PD106710.txt,I1PD106710,W1PD96684,"{""I1PD1067100130.jpg"": [[491, 5]]}"
བྱཱུ,I1PD106710.txt,I1PD106710,W1PD96684,"{""I1PD1067100267.jpg"": [[510, 4]]}"
ཙྪྲ,I1PD106711.txt,I1PD106711,W1PD96684,"{""I1PD1067110284.jpg"": [[345, 3]]}"
ཊྚཱ,I1PD106711.txt,I1PD106711,W1PD96684,"{""I1PD1067110330.jpg"": [[1324, 10]]}"
ལྫ,I1PD106712.txt,I1PD106712,W1PD96684,"{""I1PD1067120111.jpg"": [[1331, 9]]}"
ནཱུ,I1PD106713.txt,I1PD106713,W1PD96684,"{""I1PD1067130010.jpg"": [[266, 4]]}"
མྥ,I1PD106713.txt,I1PD106713,W1PD96684,"{""I1PD1067130035.jpg"": [[60, 1]]}"
ཀྟྲ,I1PD106713.txt,I1PD106713,W1PD96684,"{""I1PD1067130036.jpg"": [[1480, 12]]}"
ཀླཱ,I1PD106713.txt,I1PD106713,W1PD96684,"{""I1PD1067130037.jpg"": [[1116, 9]]}"
རྟྟ,I1PD106713.txt,I1PD106713,W1PD96684,"{""I1PD1067130038.jpg"": [[522, 4]]}"
ནྡཱུ,I1PD106713.txt,I1PD106713,W1PD96684,"{""I1PD1067130039.jpg"": [[1293, 11]]}"
ཙྩཱ,I1PD106713.txt,I1PD106713,W1PD96684,"{""I1PD1067130041.jpg"": [[359, 4], [372, 4]]}"
རྫྙ,I1PD106713.txt,I1PD106713,W1PD96684,"{""I1PD1067130052.jpg"": [[1143, 6]]}"
ལླུ,I1PD106713.txt,I1PD106713,W1PD96684,"{""I1PD1067130056.jpg"": [[1109, 10]]}"
ཙྪུ,I1PD106713.txt,I1PD106713,W1PD96684,"{""I1PD1067130058.jpg"": [[1098, 8]]}"
ནཱུ,I1PD106713.txt,I1PD106713,W1PD96684,"{""I1PD1067130073.jpg"": [[400, 2]]}"
ནཱུ,I1PD106713.txt,I1PD106713,W1PD96684,"{""I1PD1067130079.jpg"": [[1051, 11]]}"
ཙྩུ,I1PD106713.txt,I1PD106713,W1PD96684,"{""I1PD1067130083.jpg"": [[963, 7]]}"
ནཱུ,I1PD106713.txt,I1PD106713,W1PD96684,"{""I1PD1067130087.jpg"": [[353, 3]]}"
ཥྭཱ,I1PD106713.txt,I1PD106713,W1PD96684,"{""I1PD1067130096.jpg"": [[233, 3]]}"
ཙྪུ,I1PD106713.txt,I1PD106713,W1PD96684,"{""I1PD1067130102.jpg"": [[1368, 10]]}"
རྣུ,I1PD106713.txt,I1PD106713,W1PD96684,"{""I1PD1067130105.jpg"": [[476, 4]]}"
ཙྪུ,I1PD106713.txt,I1PD106713,W1PD96684,"{""I1PD1067130106.jpg"": [[1512, 11]]}"
ཙྩུ,I1PD106713.txt,I1PD106713,W1PD96684,"{""I1PD1067130107.jpg"": [[1479, 10]]}"
ཙྩཱ,I1PD106713.txt,I1PD106713,W1PD96684,"{""I1PD1067130111.jpg"": [[1575, 10]]}"
རྫྙ,I1PD106713.txt,I1PD106713,W1PD96684,"{""I1PD1067130124.jpg"": [[717, 5]]}"
ཥྲ,I1PD106713.txt,I1PD106713,W1PD96684,"{""I1PD1067130129.jpg"": [[1206, 12]]}"
རྫྙ,I1PD106713.txt,I1PD106713,W1PD96684,"{""I1PD1067130135.jpg"": [[1308, 10]]}"
མྥ,I1PD106713.txt,I1PD106713,W1PD96684,"{""I1PD1067130137.jpg"": [[1113, 8]]}"
ཙྪཱུ,I1PD106713.txt,I1PD106713,W1PD96684,"{""I1PD1067130137.jpg"": [[1383, 9]]}"
རྫྙ,I1PD106713.txt,I1PD106713,W1PD96684,"{""I1PD1067130140.jpg"": [[688, 4]]}"
ཊྚཱ,I1PD106713.txt,I1PD106713,W1PD96684,"{""I1PD1067130144.jpg"": [[678, 5]]}"
ཙྪྲ,I1PD106713.txt,I1PD106713,W1PD96684,"{""I1PD1067130148.jpg"": [[579, 6]]}"
རྐྐ,I1PD106713.txt,I1PD106713,W1PD96684,"{""I1PD1067130150.jpg"": [[784, 8]]}"
ཎི༌,I1PD106713.txt,I1PD106713,W1PD96684,"{""I1PD1067130156.jpg"": [[207, 2]]}"
ཥྞུ,I1PD106713.txt,I1PD106713,W1PD96684,"{""I1PD1067130169.jpg"": [[267, 2]]}"
ཏྣཱ,I1PD106713.txt,I1PD106713,W1PD96684,"{""I1PD1067130170.jpg"": [[67, 1]]}"
ཙྩཱ,I1PD106713.txt,I1PD106713,W1PD96684,"{""I1PD1067130170.jpg"": [[835, 7]]}"
རྠཱ,I1PD106713.txt,I1PD106713,W1PD96684,"{""I1PD1067130174.jpg"": [[260, 2]]}"
ནཱུ,I1PD106713.txt,I1PD106713,W1PD96684,"{""I1PD1067130178.jpg"": [[891, 10]]}"
ཡྱ,I1PD106713.txt,I1PD106713,W1PD96684,"{""I1PD1067130182.jpg"": [[463, 4]]}"
རྫྙ,I1PD106713.txt,I1PD106713,W1PD96684,"{""I1PD1067130184.jpg"": [[1242, 13]]}"
མྥ,I1PD106713.txt,I1PD106713,W1PD96684,"{""I1PD1067130200.jpg"": [[458, 3]]}"
མྥ,I1PD106713.txt,I1PD106713,W1PD96684,"{""I1PD1067130208.jpg"": [[409, 5]]}"
ནཱུ,I1PD106713.txt,I1PD106713,W1PD96684,"{""I1PD1067130221.jpg"": [[1006, 7]]}"
མྥ,I1PD106713.txt,I1PD106713,W1PD96684,"{""I1PD1067130221.jpg"": [[952, 7]]}"
མྥ,I1PD106713.txt,I1PD106713,W1PD96684,"{""I1PD1067130231.jpg"": [[1160, 10]]}"
ཉྩུ,I1PD106713.txt,I1PD106713,W1PD96684,"{""I1PD1067130240.jpg"": [[1075, 10]]}"
ཡྱ,I1PD106713.txt,I1PD106713,W1PD96684,"{""I1PD1067130244.jpg"": [[1363, 13]]}"
ཌྜྷ,I1PD106713.txt,I1PD106713,W1PD96684,"{""I1PD1067130256.jpg"": [[1132, 10]]}"
ཌྜྷྱ,I1PD106713.txt,I1PD106713,W1PD96684,"{""I1PD1067130256.jpg"": [[1132, 10]]}"
བྱཱུ,I1PD106713.txt,I1PD106713,W1PD96684,"{""I1PD1067130259.jpg"": [[727, 7]]}"
རྐྐ,I1PD106713.txt,I1PD106713,W1PD96684,"{""I1PD1067130262.jpg"": [[230, 2]]}"
མྥ,I1PD106713.txt,I1PD106713,W1PD96684,"{""I1PD1067130266.jpg"": [[1010, 8]]}"
མྥ,I1PD106713.txt,I1PD106713,W1PD96684,"{""I1PD1067130281.jpg"": [[554, 5]]}"
མྥ,I1PD106713.txt,I1PD106713,W1PD96684,"{""I1PD1067130285.jpg"": [[471, 4]]}"
རྞྞཱ,I1PD106713.txt,I1PD106713,W1PD96684,"{""I1PD1067130293.jpg"": [[823, 7]]}"
ཡྱ,I1PD106713.txt,I1PD106713,W1PD96684,"{""I1PD1067130299.jpg"": [[1164, 9]]}"
ཎི༌,I1PD106713.txt,I1PD106713,W1PD96684,"{""I1PD1067130300.jpg"": [[224, 2]]}"
ཝྱ,I1PD106713.txt,I1PD106713,W1PD96684,"{""I1PD1067130319.jpg"": [[109, 1]]}"
བྱཱུ,I1PD106713.txt,I1PD106713,W1PD96684,"{""I1PD1067130330.jpg"": [[146, 1], [417, 3]]}"
ནྡཱུ,I1PD106713.txt,I1PD106713,W1PD96684,"{""I1PD1067130337.jpg"": [[795, 9]]}"
ཌྜྷ,I1PD106713.txt,I1PD106713,W1PD96684,"{""I1PD1067130377.jpg"": [[662, 6], [691, 6], [844, 8], [901, 8]]}"
ཌྜྷྱ,I1PD106713.txt,I1PD106713,W1PD96684,"{""I1PD1067130377.jpg"": [[662, 6], [691, 6], [844, 8], [901, 8]]}"
ཤྩཱ,I1PD106713.txt,I1PD106713,W1PD96684,"{""I1PD1067130381.jpg"": [[323, 3]]}"
ནྤ,I1PD106713.txt,I1PD106713,W1PD96684,"{""I1PD1067130383.jpg"": [[1261, 10]]}"
ཎི༌,I1PD106713.txt,I1PD106713,W1PD96684,"{""I1PD1067130387.jpg"": [[643, 5]]}"
ཙྩུ,I1PD106713.txt,I1PD106713,W1PD96684,"{""I1PD1067130390.jpg"": [[618, 7]]}"
ཎི༌,I1PD106713.txt,I1PD106713,W1PD96684,"{""I1PD1067130410.jpg"": [[457, 3]]}"
ཙྩུ,I1PD106713.txt,I1PD106713,W1PD96684,"{""I1PD1067130416.jpg"": [[1410, 11]]}"
ཊཱུ,I1PD106713.txt,I1PD106713,W1PD96684,"{""I1PD1067130428.jpg"": [[776, 5]]}"
རྟྟ,I1PD106713.txt,I1PD106713,W1PD96684,"{""I1PD1067130435.jpg"": [[647, 5]]}"
རྠཱ,I1PD106713.txt,I1PD106713,W1PD96684,"{""I1PD1067130435.jpg"": [[1288, 10]]}"
ཎི༌,I1PD106713.txt,I1PD106713,W1PD96684,"{""I1PD1067130458.jpg"": [[1240, 11]]}"
སྟྱ,I1PD106713.txt,I1PD106713,W1PD96684,"{""I1PD1067130469.jpg"": [[418, 6]]}"
ཎི༌,I1PD106713.txt,I1PD106713,W1PD96684,"{""I1PD1067130471.jpg"": [[405, 4]]}"
ཥྞུ,I1PD106713.txt,I1PD106713,W1PD96684,"{""I1PD1067130485.jpg"": [[241, 2]]}"
ཥྞུ,I1PD106713.txt,I1PD106713,W1PD96684,"{""I1PD1067130497.jpg"": [[172, 2]]}"
ཌྜྷ,I1PD106713.txt,I1PD106713,W1PD96684,"{""I1PD1067130500.jpg"": [[1224, 14]]}"
ཌྜྷྱ,I1PD106713.txt,I1PD106713,W1PD96684,"{""I1PD1067130500.jpg"": [[1224, 14]]}"
མྱཱ,I1PD106713.txt,I1PD106713,W1PD96684,"{""I1PD1067130501.jpg"": [[950, 9]]}"
ཎི༌,I1PD106713.txt,I1PD106713,W1PD96684,"{""I1PD1067130502.jpg"": [[634, 5]]}"
ཟྲ,I1PD106713.txt,I1PD106713,W1PD96684,"{""I1PD1067130532.jpg"": [[794, 7]]}"
རྤ,I1PD106713.txt,I1PD106713,W1PD96684,"{""I1PD1067130536.jpg"": [[1151, 7]]}"
ཙྩཱ,I1PD106713.txt,I1PD106713,W1PD96684,"{""I1PD1067130555.jpg"": [[117, 1]]}"
ཟྲ,I1PD106714.txt,I1PD106714,W1PD96684,"{""I1PD1067140477.jpg"": [[242, 2]]}"
རྩཱ,I1PD106715.txt,I1PD106715,W1PD96684,"{""I1PD1067150393.jpg"": [[1469, 9]]}"
ཟྱ,I1PD106716.txt,I1PD106716,W1PD96684,"{""I1PD1067160523.jpg"": [[370, 3]]}"
ལྫ,I1PD106717.txt,I1PD106717,W1PD96684,"{""I1PD1067170243.jpg"": [[211, 3]]}"
མྣ,I1PD106718.txt,I1PD106718,W1PD96684,"{""I1PD1067180569.jpg"": [[1468, 11]]}"
ཟྱ,I1PD106719.txt,I1PD106719,W1PD96684,"{""I1PD1067190242.jpg"": [[437, 4]]}"
གྡ,I1PD106719.txt,I1PD106719,W1PD96684,"{""I1PD1067190627.jpg"": [[1329, 11]]}"
ནྤ,I1PD106720.txt,I1PD106720,W1PD96684,"{""I1PD1067200470.jpg"": [[999, 8]]}"
གྡ,I1PD106722.txt,I1PD106722,W1PD96684,"{""I1PD1067220477.jpg"": [[259, 5]]}"
ཨྱ,I1PD106722.txt,I1PD106722,W1PD96684,"{""I1PD1067220487.jpg"": [[651, 5]]}"
ནྡཱུ,I1PD106724.txt,I1PD106724,W1PD96684,"{""I1PD1067240093.jpg"": [[159, 1]]}"
ཉྩུ,I1PD106724.txt,I1PD106724,W1PD96684,"{""I1PD1067240564.jpg"": [[859, 7]]}"
ཀྟྲ,I1PD106726.txt,I1PD106726,W1PD96684,"{""I1PD1067260175.jpg"": [[609, 7]]}"
ཀྟྭ,I1PD106728.txt,I1PD106728,W1PD96684,"{""I1PD1067280388.jpg"": [[407, 6]]}"
ཙླ,I1PD106729.txt,I1PD106729,W1PD96684,"{""I1PD1067290308.jpg"": [[726, 5]]}"
སྟྱ,I1PD106730.txt,I1PD106730,W1PD96684,"{""I1PD1067300612.jpg"": [[698, 7]]}"
ལྫ,I1PD106734.txt,I1PD106734,W1PD96684,"{""I1PD1067340218.jpg"": [[173, 2]]}"
ཊཱུ,I1PD106734.txt,I1PD106734,W1PD96684,"{""I1PD1067340503.jpg"": [[1301, 9]]}"
ནྡཱུ,I1PD106740.txt,I1PD106740,W1PD96684,"{""I1PD1067400028.jpg"": [[1100, 7]]}"
ལྫ,I1PD106740.txt,I1PD106740,W1PD96684,"{""I1PD1067400255.jpg"": [[309, 2]]}"
སྦྱུ,I1PD106740.txt,I1PD106740,W1PD96684,"{""I1PD1067400567.jpg"": [[1354, 13]]}"
ནྡཱུ,I1PD106742.txt,I1PD106742,W1PD96684,"{""I1PD1067420092.jpg"": [[385, 4]]}"
སྱུ,I1PD106743.txt,I1PD106743,W1PD96684,"{""I1PD1067430064.jpg"": [[1324, 7]]}"
ཊཱུ,I1PD106743.txt,I1PD106743,W1PD96684,"{""I1PD1067430295.jpg"": [[1419, 9]]}"
རྣུ,I1PD106743.txt,I1PD106743,W1PD96684,"{""I1PD1067430401.jpg"": [[57, 4]]}"
མྣ,I1PD106743.txt,I1PD106743,W1PD96684,"{""I1PD1067430622.jpg"": [[776, 8]]}"
ལྫ,I1PD106744.txt,I1PD106744,W1PD96684,"{""I1PD1067440193.jpg"": [[300, 2]]}"
གྡ,I1PD106746.txt,I1PD106746,W1PD96684,"{""I1PD1067460230.jpg"": [[534, 4]]}"
རྣུ,I1PD106747.txt,I1PD106747,W1PD96684,"{""I1PD1067470242.jpg"": [[1008, 8]]}"
ཚཱུ,I1PD106748.txt,I1PD106748,W1PD96684,"{""I1PD1067480126.jpg"": [[86, 1]]}"
ཀྟྲ,I1PD106748.txt,I1PD106748,W1PD96684,"{""I1PD1067480371.jpg"": [[405, 3]]}"
ཀྟྲ,I1PD106748.txt,I1PD106748,W1PD96684,"{""I1PD1067480524.jpg"": [[179, 2]]}"
མྦྱ,I1PD106749.txt,I1PD106749,W1PD96684,"{""I1PD1067490095.jpg"": [[122, 1]]}"
ཀྟྲ,I1PD106749.txt,I1PD106749,W1PD96684,"{""I1PD1067490258.jpg"": [[194, 2]]}"
ཀྟྲ,I1PD106749.txt,I1PD106749,W1PD96684,"{""I1PD1067490494.jpg"": [[211, 4]]}"
ཀྟྲ,I1PD106750.txt,I1PD106750,W1PD96684,"{""I1PD1067500023.jpg"": [[198, 2]]}"
ཚྲ,I1PD106750.txt,I1PD106750,W1PD96684,"{""I1PD1067500062.jpg"": [[192, 3]]}"
ཀྟྲ,I1PD106750.txt,I1PD106750,W1PD96684,"{""I1PD1067500217.jpg"": [[203, 3]]}"
ཎྭ,I1PD106750.txt,I1PD106750,W1PD96684,"{""I1PD1067500272.jpg"": [[631, 5]]}"
ཨྱ,I1PD106752.txt,I1PD106752,W1PD96684,"{""I1PD1067520340.jpg"": [[241, 4]]}"
ཎྭ,I1PD106752.txt,I1PD106752,W1PD96684,"{""I1PD1067520364.jpg"": [[189, 2]]}"
ཎྭ,I1PD106754.txt,I1PD106754,W1PD96684,"{""I1PD1067540472.jpg"": [[592, 5]]}"
ཚཱུ,I1PD106754.txt,I1PD106754,W1PD96684,"{""I1PD1067540548.jpg"": [[9, 2]]}"
ཡྱ,I1PD106755.txt,I1PD106755,W1PD96684,"{""I1PD1067550603.jpg"": [[1150, 7]]}"
སྱུ,I1PD106756.txt,I1PD106756,W1PD96684,"{""I1PD1067560223.jpg"": [[576, 4]]}"
ཨྱ,I1PD106756.txt,I1PD106756,W1PD96684,"{""I1PD1067560257.jpg"": [[1331, 9]]}"
ཀླཱ,I1PD106756.txt,I1PD106756,W1PD96684,"{""I1PD1067560395.jpg"": [[907, 7]]}"
རྩཱ,I1PD106757.txt,I1PD106757,W1PD96684,"{""I1PD1067570337.jpg"": [[1677, 9]]}"
རྤ,I1PD106757.txt,I1PD106757,W1PD96684,"{""I1PD1067570562.jpg"": [[1140, 7]]}"
རྠཱ,I1KG13170.txt,I1KG13170,W1KG13126,"{""I1KG131700011.jpg"": [[310, 3]]}"
ལྤཱ,I1KG13170.txt,I1KG13170,W1KG13126,"{""I1KG131700141.jpg"": [[158, 2]]}"
རྦཱ,I1KG13170.txt,I1KG13170,W1KG13126,"{""I1KG131700421.jpg"": [[420, 4]]}"
ཎྭ,I1KG13171.txt,I1KG13171,W1KG13126,"{""I1KG131710058.jpg"": [[1160, 8]]}"
ཊཱུ,I1KG13171.txt,I1KG13171,W1KG13126,"{""I1KG131710244.jpg"": [[1040, 7]]}"
ལྫ,I1KG13171.txt,I1KG13171,W1KG13126,"{""I1KG131710358.jpg"": [[85, 1]]}"
ཌྜྷ,I1KG13171.txt,I1KG13171,W1KG13126,"{""I1KG131710362.jpg"": [[592, 6]]}"
ཌྜྷྱ,I1KG13171.txt,I1KG13171,W1KG13126,"{""I1KG131710362.jpg"": [[592, 6]]}"
པྟཱ,I1KG13171.txt,I1KG13171,W1KG13126,"{""I1KG131710362.jpg"": [[552, 6], [560, 6]]}"
ཙྩཱ,I1KG13171.txt,I1KG13171,W1KG13126,"{""I1KG131710407.jpg"": [[340, 3]]}"
ཉྩུ,I1KG13172.txt,I1KG13172,W1KG13126,"{""I1KG131720070.jpg"": [[166, 3]]}"
ཀླཱ,I1KG13172.txt,I1KG13172,W1KG13126,"{""I1KG131720126.jpg"": [[1240, 8]]}"
ཙླ,I1KG13172.txt,I1KG13172,W1KG13126,"{""I1KG131720266.jpg"": [[1254, 8]]}"
གྨ,I1KG13173.txt,I1KG13173,W1KG13126,"{""I1KG131730457.jpg"": [[1248, 9]]}"
གྨ,I1KG13173.txt,I1KG13173,W1KG13126,"{""I1KG131730465.jpg"": [[316, 2]]}"
ཀླཱ,I1KG13173.txt,I1KG13173,W1KG13126,"{""I1KG131730539.jpg"": [[961, 9]]}"
ཎྭ,I1KG13173.txt,I1KG13173,W1KG13126,"{""I1KG131730542.jpg"": [[592, 4]]}"
དྷྲ,I1KG13174.txt,I1KG13174,W1KG13126,"{""I1KG131740212.jpg"": [[770, 6]]}"
ཊཱུ,I1KG13174.txt,I1KG13174,W1KG13126,"{""I1KG131740220.jpg"": [[1405, 11]]}"
དྷྲ,I1KG13174.txt,I1KG13174,W1KG13126,"{""I1KG131740235.jpg"": [[22, 1]]}"
དྡུ,I1KG13174.txt,I1KG13174,W1KG13126,"{""I1KG131740263.jpg"": [[373, 4]]}"
རྟྟ,I1KG13175.txt,I1KG13175,W1KG13126,"{""I1KG131750107.jpg"": [[338, 3]]}"
རྩཱ,I1KG13175.txt,I1KG13175,W1KG13126,"{""I1KG131750466.jpg"": [[1304, 9]]}"
ཥྲ,I1KG13175.txt,I1KG13175,W1KG13126,"{""I1KG131750544.jpg"": [[113, 1]]}"
ནྤ,I1KG13175.txt,I1KG13175,W1KG13126,"{""I1KG131750661.jpg"": [[794, 5]]}"
ལྫ,I1KG13176.txt,I1KG13176,W1KG13126,"{""I1KG131760196.jpg"": [[856, 6]]}"
ཉྩུ,I1KG13176.txt,I1KG13176,W1KG13126,"{""I1KG131760516.jpg"": [[203, 2]]}"
ཤླ,I1KG13176.txt,I1KG13176,W1KG13126,"{""I1KG131760687.jpg"": [[458, 5]]}"
ཤླ,I1KG13177.txt,I1KG13177,W1KG13126,"{""I1KG131770161.jpg"": [[527, 4]]}"
ཤླ,I1KG13177.txt,I1KG13177,W1KG13126,"{""I1KG131770806.jpg"": [[70, 2]]}"
གྡ,I1KG13178.txt,I1KG13178,W1KG13126,"{""I1KG131780046.jpg"": [[1144, 11]]}"
རྟྟ,I1KG13178.txt,I1KG13178,W1KG13126,"{""I1KG131780228.jpg"": [[673, 7]]}"
རྠཱ,I1KG13178.txt,I1KG13178,W1KG13126,"{""I1KG131780332.jpg"": [[1254, 10]]}"
གྡ,I1KG13178.txt,I1KG13178,W1KG13126,"{""I1KG131780390.jpg"": [[853, 5]]}"
ཨྱ,I1KG13178.txt,I1KG13178,W1KG13126,"{""I1KG131780449.jpg"": [[698, 8]]}"
རྟྟ,I1KG13178.txt,I1KG13178,W1KG13126,"{""I1KG131780523.jpg"": [[1356, 13]]}"
ཉྩུ,I1KG13179.txt,I1KG13179,W1KG13126,"{""I1KG131790220.jpg"": [[1279, 11]]}"
ནྡཱུ,I1KG13180.txt,I1KG13180,W1KG13126,"{""I1KG131800062.jpg"": [[43, 1]]}"
དྡུ,I1KG13180.txt,I1KG13180,W1KG13126,"{""I1KG131800069.jpg"": [[571, 6]]}"
ཚཱུ,I1KG13181.txt,I1KG13181,W1KG13126,"{""I1KG131810149.jpg"": [[184, 2]]}"
རྠཱ,I1KG13181.txt,I1KG13181,W1KG13126,"{""I1KG131810557.jpg"": [[668, 6]]}"
ནྡཱུ,I1KG13182.txt,I1KG13182,W1KG13126,"{""I1KG131820094.jpg"": [[1294, 10]]}"
རྦཱ,I1KG13182.txt,I1KG13182,W1KG13126,"{""I1KG131820183.jpg"": [[673, 8]]}"
ཤྩཱ,I1KG13182.txt,I1KG13182,W1KG13126,"{""I1KG131820238.jpg"": [[1022, 8]]}"
ནྡཱུ,I1KG13182.txt,I1KG13182,W1KG13126,"{""I1KG131820445.jpg"": [[593, 5]]}"
དྷྲ,I1KG13182.txt,I1KG13182,W1KG13126,"{""I1KG131820588.jpg"": [[1184, 10]]}"
ཥྞུ,I1KG13183.txt,I1KG13183,W1KG13126,"{""I1KG131830056.jpg"": [[851, 6]]}"
ཨྱ,I1KG13183.txt,I1KG13183,W1KG13126,"{""I1KG131830136.jpg"": [[235, 3]]}"
གྨ,I1KG13183.txt,I1KG13183,W1KG13126,"{""I1KG131830199.jpg"": [[1560, 15]]}"
ལྤཱ,I1KG13183.txt,I1KG13183,W1KG13126,"{""I1KG131830233.jpg"": [[688, 8]]}"
དྡུ,I1KG13183.txt,I1KG13183,W1KG13126,"{""I1KG131830415.jpg"": [[1205, 10]]}"
རྠཱ,I1KG13183.txt,I1KG13183,W1KG13126,"{""I1KG131830539.jpg"": [[1105, 10]]}"
དྡུ,I1KG13183.txt,I1KG13183,W1KG13126,"{""I1KG131830601.jpg"": [[183, 2]]}"
ཏྣཱ,I1KG13183.txt,I1KG13183,W1KG13126,"{""I1KG131830607.jpg"": [[1037, 8]]}"
རྤ,I1KG13183.txt,I1KG13183,W1KG13126,"{""I1KG131830665.jpg"": [[1513, 13]]}"
ཚཱུ,I1KG13184.txt,I1KG13184,W1KG13126,"{""I1KG131840060.jpg"": [[609, 4]]}"
ལླུ,I1KG13184.txt,I1KG13184,W1KG13126,"{""I1KG131840061.jpg"": [[87, 1], [291, 2]]}"
ཏྣཱ,I1KG13184.txt,I1KG13184,W1KG13126,"{""I1KG131840135.jpg"": [[824, 9]]}"
གྡ,I1KG13184.txt,I1KG13184,W1KG13126,"{""I1KG131840497.jpg"": [[1029, 8]]}"
ཉྩུ,I1KG13184.txt,I1KG13184,W1KG13126,"{""I1KG131840531.jpg"": [[236, 5]]}"
ཉྩུ,I1KG13184.txt,I1KG13184,W1KG13126,"{""I1KG131840841.jpg"": [[659, 7]]}"
གྡ,I1KG13186.txt,I1KG13186,W1KG13126,"{""I1KG131860209.jpg"": [[75, 1]]}"
རྠཱ,I1KG13187.txt,I1KG13187,W1KG13126,"{""I1KG131870701.jpg"": [[1337, 10]]}"
ཨྱ,I1KG13187.txt,I1KG13187,W1KG13126,"{""I1KG131870762.jpg"": [[371, 3]]}"
ཤླ,I1KG13187.txt,I1KG13187,W1KG13126,"{""I1KG131870872.jpg"": [[443, 3]]}"
ཀླཱ,I1KG13188.txt,I1KG13188,W1KG13126,"{""I1KG131880446.jpg"": [[524, 4]]}"
སྟྱ,I1KG13189.txt,I1KG13189,W1KG13126,"{""I1KG131890020.jpg"": [[197, 2]]}"
གྡ,I1KG13190.txt,I1KG13190,W1KG13126,"{""I1KG131900690.jpg"": [[720, 5]]}"
རྦཱ,I1KG13191.txt,I1KG13191,W1KG13126,"{""I1KG131910373.jpg"": [[453, 5]]}"
རྣུ,I1KG13191.txt,I1KG13191,W1KG13126,"{""I1KG131910381.jpg"": [[214, 5]]}"
གྫ,I1KG13191.txt,I1KG13191,W1KG13126,"{""I1KG131910685.jpg"": [[145, 3]]}"
ཤླ,I1KG13192.txt,I1KG13192,W1KG13126,"{""I1KG131920302.jpg"": [[516, 4]]}"
རྤ,I1KG13192.txt,I1KG13192,W1KG13126,"{""I1KG131920327.jpg"": [[636, 6]]}"
རྤ,I1KG13192.txt,I1KG13192,W1KG13126,"{""I1KG131920355.jpg"": [[827, 6]]}"
ཥྲ,I1KG13192.txt,I1KG13192,W1KG13126,"{""I1KG131920654.jpg"": [[1180, 10]]}"
ཏྶུ,I1KG13192.txt,I1KG13192,W1KG13126,"{""I1KG131920688.jpg"": [[209, 2]]}"
ཏྣཱ,I1KG13192.txt,I1KG13192,W1KG13126,"{""I1KG131920901.jpg"": [[1280, 9]]}"
ཚཱུ,I1KG13192.txt,I1KG13192,W1KG13126,"{""I1KG131920972.jpg"": [[428, 6]]}"
དྷྲ,I1KG13193.txt,I1KG13193,W1KG13126,"{""I1KG131930272.jpg"": [[755, 7]]}"
ཚཱུ,I1KG13193.txt,I1KG13193,W1KG13126,"{""I1KG131930320.jpg"": [[383, 5]]}"
རྣུ,I1KG13193.txt,I1KG13193,W1KG13126,"{""I1KG131930364.jpg"": [[912, 7]]}"
ནྤ,I1KG13193.txt,I1KG13193,W1KG13126,"{""I1KG131930570.jpg"": [[44, 1]]}"
ཚཱུ,I1KG13194.txt,I1KG13194,W1KG13126,"{""I1KG131940713.jpg"": [[1093, 12]]}"
ཚཱུ,I1KG13194.txt,I1KG13194,W1KG13126,"{""I1KG131940738.jpg"": [[132, 2]]}"
རྤ,I1KG13195.txt,I1KG13195,W1KG13126,"{""I1KG131950311.jpg"": [[886, 8]]}"
ཊཱུ,I1KG13195.txt,I1KG13195,W1KG13126,"{""I1KG131950779.jpg"": [[62, 1]]}"
ཥྲ,I1KG13195.txt,I1KG13195,W1KG13126,"{""I1KG131950874.jpg"": [[462, 5]]}"
ཤླ,I1KG13195.txt,I1KG13195,W1KG13126,"{""I1KG131950955.jpg"": [[95, 4]]}"
ལྤཱ,I1KG13196.txt,I1KG13196,W1KG13126,"{""I1KG131960310.jpg"": [[1022, 10]]}"
སྱུ,I1KG13196.txt,I1KG13196,W1KG13126,"{""I1KG131960312.jpg"": [[467, 3]]}"
སྟྱ,I1KG13196.txt,I1KG13196,W1KG13126,"{""I1KG131960344.jpg"": [[560, 5]]}"
ཥྲ,I1KG13197.txt,I1KG13197,W1KG13126,"{""I1KG131970152.jpg"": [[136, 2]]}"
དྷྲ,I1KG13200.txt,I1KG13200,W1KG13126,"{""I1KG132000139.jpg"": [[863, 7]]}"
དྷྲ,I1KG13201.txt,I1KG13201,W1KG13126,"{""I1KG132010058.jpg"": [[434, 3]]}"
དྷྲ,I1KG13201.txt,I1KG13201,W1KG13126,"{""I1KG132010260.jpg"": [[622, 4]]}"
དྷྲ,I1KG13201.txt,I1KG13201,W1KG13126,"{""I1KG132010473.jpg"": [[1034, 10]]}"
དྷྲ,I1KG13201.txt,I1KG13201,W1KG13126,"{""I1KG132010483.jpg"": [[1280, 11]]}"
ཊཱུ,I1KG13203.txt,I1KG13203,W1KG13126,"{""I1KG132030200.jpg"": [[578, 4]]}"
པྣ,I1KG13203.txt,I1KG13203,W1KG13126,"{""I1KG132030258.jpg"": [[29, 3]]}"
དྷྲ,I1KG13203.txt,I1KG13203,W1KG13126,"{""I1KG132030370.jpg"": [[969, 8]]}"
རྤ,I1KG13204.txt,I1KG13204,W1KG13126,"{""I1KG132040655.jpg"": [[1283, 10]]}"
རྦཱ,I1KG13207.txt,I1KG13207,W1KG13126,"{""I1KG132070561.jpg"": [[1052, 10]]}"
ལྤཱ,I1KG13209.txt,I1KG13209,W1KG13126,"{""I1KG132090614.jpg"": [[552, 6]]}"
ཙྪྲ,I1KG13211.txt,I1KG13211,W1KG13126,"{""I1KG132110581.jpg"": [[1309, 9]]}"
ཤླ,I1KG13211.txt,I1KG13211,W1KG13126,"{""I1KG132110593.jpg"": [[1062, 11]]}"
ཙྪྲ,I1KG13211.txt,I1KG13211,W1KG13126,"{""I1KG132110599.jpg"": [[177, 2]]}"
གྫ,I1KG13211.txt,I1KG13211,W1KG13126,"{""I1KG132110693.jpg"": [[683, 5]]}"
རྠཱ,I1KG13213.txt,I1KG13213,W1KG13126,"{""I1KG132130712.jpg"": [[1309, 9]]}"
ཨྱ,I1KG13214.txt,I1KG13214,W1KG13126,"{""I1KG132140709.jpg"": [[92, 1]]}"
ཙྪཱུ,I1KG13214.txt,I1KG13214,W1KG13126,"{""I1KG132140852.jpg"": [[998, 6]]}"
ཨྱ,I1KG13215.txt,I1KG13215,W1KG13126,"{""I1KG132150484.jpg"": [[1007, 10]]}"
ཏྶུ,I1KG13215.txt,I1KG13215,W1KG13126,"{""I1KG132150558.jpg"": [[114, 1]]}"
ཏྶུ,I1KG13215.txt,I1KG13215,W1KG13126,"{""I1KG132150754.jpg"": [[540, 6]]}"
གྨ,I1KG13216.txt,I1KG13216,W1KG13126,"{""I1KG132160140.jpg"": [[590, 6]]}"
རྦཱ,I1KG13216.txt,I1KG13216,W1KG13126,"{""I1KG132160148.jpg"": [[728, 6]]}"
སྱུ,I1KG13218.txt,I1KG13218,W1KG13126,"{""I1KG132180280.jpg"": [[13, 1]]}"
ཊཱུ,I1KG13220.txt,I1KG13220,W1KG13126,"{""I1KG132200211.jpg"": [[1216, 11]]}"
ཏྣཱ,I1KG13224.txt,I1KG13224,W1KG13126,"{""I1KG132240261.jpg"": [[1107, 8]]}"
ཙྪཱུ,I1KG13224.txt,I1KG13224,W1KG13126,"{""I1KG132240362.jpg"": [[1258, 10]]}"
ཥྲ,I1KG13224.txt,I1KG13224,W1KG13126,"{""I1KG132240477.jpg"": [[544, 5]]}"
རྤ,I1KG13225.txt,I1KG13225,W1KG13126,"{""I1KG132250198.jpg"": [[421, 3]]}"
རྟྟ,I1KG13225.txt,I1KG13225,W1KG13126,"{""I1KG132250213.jpg"": [[1075, 10]]}"
རྦཱ,I1KG13225.txt,I1KG13225,W1KG13126,"{""I1KG132250232.jpg"": [[1129, 7]]}"
སྟྱ,I1KG13225.txt,I1KG13225,W1KG13126,"{""I1KG132250423.jpg"": [[50, 2]]}"
ཏྶུ,I1KG13226.txt,I1KG13226,W1KG13126,"{""I1KG132260277.jpg"": [[881, 8]]}"
སྱུ,I1KG13227.txt,I1KG13227,W1KG13126,"{""I1KG132270193.jpg"": [[969, 7]]}"
ཙྪཱུ,I1KG13228.txt,I1KG13228,W1KG13126,"{""I1KG132280147.jpg"": [[500, 3]]}"
ཙྪྲ,I1KG13228.txt,I1KG13228,W1KG13126,"{""I1KG132280299.jpg"": [[242, 2]]}"
ཚཱུ,I1KG13228.txt,I1KG13228,W1KG13126,"{""I1KG132280478.jpg"": [[860, 5]]}"
སྱུ,I1KG13228.txt,I1KG13228,W1KG13126,"{""I1KG132280684.jpg"": [[628, 6]]}"
རྠཱ,I1KG13228.txt,I1KG13228,W1KG13126,"{""I1KG132280687.jpg"": [[1426, 11]]}"
སྟྱ,I1KG13228.txt,I1KG13228,W1KG13126,"{""I1KG132280687.jpg"": [[1500, 11]]}"
ལྤཱ,I1KG13228.txt,I1KG13228,W1KG13126,"{""I1KG132280720.jpg"": [[778, 6]]}"
རྩཱ,I1KG13228.txt,I1KG13228,W1KG13126,"{""I1KG132280801.jpg"": [[943, 6]]}"
གྫ,I1KG13230.txt,I1KG13230,W1KG13126,"{""I1KG132300179.jpg"": [[930, 8]]}"
རྣུ,I1KG13231.txt,I1KG13231,W1KG13126,"{""I1KG132310407.jpg"": [[67, 5]]}"
ཏྶུ,I1KG13231.txt,I1KG13231,W1KG13126,"{""I1KG132310618.jpg"": [[1076, 9]]}"
རྣུ,I1KG13232.txt,I1KG13232,W1KG13126,"{""I1KG132320022.jpg"": [[760, 8]]}"
སྱུ,I1KG13232.txt,I1KG13232,W1KG13126,"{""I1KG132320240.jpg"": [[606, 4]]}"
ལྤཱ,I1KG13233.txt,I1KG13233,W1KG13126,"{""I1KG132330482.jpg"": [[533, 7]]}"
ཙྪཱུ,I1KG13234.txt,I1KG13234,W1KG13126,"{""I1KG132340308.jpg"": [[312, 3]]}"
རྩཱ,I1KG13234.txt,I1KG13234,W1KG13126,"{""I1KG132340479.jpg"": [[42, 1]]}"
རྟྟ,I1KG13235.txt,I1KG13235,W1KG13126,"{""I1KG132350684.jpg"": [[666, 8]]}"
རྦཱ,I1KG13236.txt,I1KG13236,W1KG13126,"{""I1KG132360307.jpg"": [[1330, 11]]}"
དྡུ,I1KG13236.txt,I1KG13236,W1KG13126,"{""I1KG132360777.jpg"": [[1493, 11]]}"
རྩཱ,I1KG13237.txt,I1KG13237,W1KG13126,"{""I1KG132370502.jpg"": [[36, 2]]}"
རྦཱ,I1KG13238.txt,I1KG13238,W1KG13126,"{""I1KG132380012.jpg"": [[1336, 9]]}"
རྞྞཱ,I1KG13240.txt,I1KG13240,W1KG13126,"{""I1KG132400222.jpg"": [[790, 6]]}"
རྦཱ,I1KG13242.txt,I1KG13242,W1KG13126,"{""I1KG132420235.jpg"": [[169, 2]]}"
ཤྩཱ,I1KG13242.txt,I1KG13242,W1KG13126,"{""I1KG132420452.jpg"": [[288, 3]]}"
ཥྨཱ,I1KG13242.txt,I1KG13242,W1KG13126,"{""I1KG132420653.jpg"": [[702, 6]]}"
ཏྶུ,I1KG13242.txt,I1KG13242,W1KG13126,"{""I1KG132420772.jpg"": [[927, 7]]}"
ཥྛུ,I1KG13246.txt,I1KG13246,W1KG13126,"{""I1KG132461221.jpg"": [[704, 7]]}"
རྩཱ,I1KG13248.txt,I1KG13248,W1KG13126,"{""I1KG132480338.jpg"": [[457, 5]]}"
ཀྟྭ,I1KG13249.txt,I1KG13249,W1KG13126,"{""I1KG132490387.jpg"": [[306, 4]]}"
རྦཱ,I1KG13249.txt,I1KG13249,W1KG13126,"{""I1KG132490582.jpg"": [[681, 5]]}"
ཥྞུ,I1KG13252.txt,I1KG13252,W1KG13126,"{""I1KG132520380.jpg"": [[1127, 8]]}"
ཤླ,I1KG13253.txt,I1KG13253,W1KG13126,"{""I1KG132530193.jpg"": [[1167, 12]]}"
ཏྶུ,I1KG13253.txt,I1KG13253,W1KG13126,"{""I1KG132530465.jpg"": [[394, 4]]}"
གྫ,I1KG13254.txt,I1KG13254,W1KG13126,"{""I1KG132540036.jpg"": [[541, 6]]}"
སྟྱ,I1KG13254.txt,I1KG13254,W1KG13126,"{""I1KG132540354.jpg"": [[1246, 11]]}"
ཤྩཱ,I1KG13257.txt,I1KG13257,W1KG13126,"{""I1KG132570244.jpg"": [[691, 6]]}"
གྨ,I1KG13259.txt,I1KG13259,W1KG13126,"{""I1KG132590205.jpg"": [[850, 7]]}"
གྨ,I1KG13259.txt,I1KG13259,W1KG13126,"{""I1KG132590468.jpg"": [[676, 5]]}"
རྩཱ,I1KG13260.txt,I1KG13260,W1KG13126,"{""I1KG132600217.jpg"": [[862, 9]]}"
ཟྱ,I1KG13261.txt,I1KG13261,W1KG13126,"{""I1KG132610090.jpg"": [[944, 6]]}"
ཥྲ,I1KG13263.txt,I1KG13263,W1KG13126,"{""I1KG132630310.jpg"": [[477, 5]]}"
ཤླ,I1KG13265.txt,I1KG13265,W1KG13126,"{""I1KG132650266.jpg"": [[96, 1]]}"
ཤླ,I1KG13273.txt,I1KG13273,W1KG13126,"{""I1KG132730006.jpg"": [[30, 2]]}"
གྫ,I1KG13284.txt,I1KG13284,W1KG13126,"{""I1KG132840027.jpg"": [[70, 1]]}"
ཥྞུ,I1KG13285.txt,I1KG13285,W1KG13126,"{""I1KG132850561.jpg"": [[631, 6]]}"
མྤྱ,I1KG13286.txt,I1KG13286,W1KG13126,"{""I1KG132860671.jpg"": [[866, 7]]}"
མྦྱ,I1KG13289.txt,I1KG13289,W1KG13126,"{""I1KG132890606.jpg"": [[531, 5]]}"
ཟྱ,I1KG13313.txt,I1KG13313,W1KG13126,"{""I1KG133130444.jpg"": [[1017, 9]]}"
རྩཱ,I1KG13326.txt,I1KG13326,W1KG13126,"{""I1KG133260216.jpg"": [[200, 2]]}"
ཙྪྲ,I1KG13333.txt,I1KG13333,W1KG13126,"{""I1KG133330235.jpg"": [[41, 4]]}"
རྩཱ,I1KG13340.txt,I1KG13340,W1KG13126,"{""I1KG133400088.jpg"": [[1057, 7]]}"
ཥྞུ,I1KG13373.txt,I1KG13373,W1KG13126,"{""I1KG133730010.jpg"": [[1203, 11]]}"
ཀྟྭ,I1KG13373.txt,I1KG13373,W1KG13126,"{""I1KG133730013.jpg"": [[1139, 12]]}"
ཥྲ,I1KG13373.txt,I1KG13373,W1KG13126,"{""I1KG133730037.jpg"": [[794, 9]]}"
ཏྶུ,I1KG13373.txt,I1KG13373,W1KG13126,"{""I1KG133730123.jpg"": [[760, 6]]}"
དྡྷཱ,I1KG13373.txt,I1KG13373,W1KG13126,"{""I1KG133730135.jpg"": [[1050, 10]]}"
གྨ,I1KG13373.txt,I1KG13373,W1KG13126,"{""I1KG133730142.jpg"": [[732, 8]]}"
ཏྶུ,I1KG13373.txt,I1KG13373,W1KG13126,"{""I1KG133730151.jpg"": [[293, 3]]}"
པྟཱ,I1KG13373.txt,I1KG13373,W1KG13126,"{""I1KG133730164.jpg"": [[616, 5]]}"
ཤྩཱ,I1KG13373.txt,I1KG13373,W1KG13126,"{""I1KG133730184.jpg"": [[1219, 8]]}"
རྞྞཱ,I1KG13373.txt,I1KG13373,W1KG13126,"{""I1KG133730349.jpg"": [[354, 3]]}"
ཤྩཱ,I1KG13373.txt,I1KG13373,W1KG13126,"{""I1KG133730361.jpg"": [[1231, 12]]}"
སྟྱ,I1KG13373.txt,I1KG13373,W1KG13126,"{""I1KG133730377.jpg"": [[218, 3]]}"
ཤྩཱ,I1KG13373.txt,I1KG13373,W1KG13126,"{""I1KG133730401.jpg"": [[1143, 11], [1155, 11], [1194, 11]]}"
ཙྱ,I1KG13373.txt,I1KG13373,W1KG13126,"{""I1KG133730405.jpg"": [[557, 8]]}"
དྡུ,I1KG13373.txt,I1KG13373,W1KG13126,"{""I1KG133730407.jpg"": [[505, 5]]}"
གྨ,I1KG13373.txt,I1KG13373,W1KG13126,"{""I1KG133730409.jpg"": [[783, 8]]}"
ཥྞུ,I1KG13374.txt,I1KG13374,W1KG13126,"{""I1KG133740242.jpg"": [[615, 6]]}"
ཏྶཱ,I1KG13374.txt,I1KG13374,W1KG13126,"{""I1KG133740248.jpg"": [[138, 1]]}"
ཀླཱ,I1KG13374.txt,I1KG13374,W1KG13126,"{""I1KG133740324.jpg"": [[313, 13]]}"
ཀྟྭ,I1KG13374.txt,I1KG13374,W1KG13126,"{""I1KG133740446.jpg"": [[405, 5]]}"
ཏྶཱ,I1KG13374.txt,I1KG13374,W1KG13126,"{""I1KG133740515.jpg"": [[737, 7]]}"
ཥྞུ,I1KG13374.txt,I1KG13374,W1KG13126,"{""I1KG133740566.jpg"": [[454, 3]]}"
ཤྩཱ,I1KG13374.txt,I1KG13374,W1KG13126,"{""I1KG133740615.jpg"": [[1144, 13]]}"
ཏྣཱ,I1KG13374.txt,I1KG13374,W1KG13126,"{""I1KG133740624.jpg"": [[69, 2]]}"
ཏྣཱ,I1KG13374.txt,I1KG13374,W1KG13126,"{""I1KG133740626.jpg"": [[697, 5]]}"
དྡུ,I1KG13374.txt,I1KG13374,W1KG13126,"{""I1KG133740638.jpg"": [[1361, 9]]}"
ཥྞུ,I1KG13374.txt,I1KG13374,W1KG13126,"{""I1KG133740716.jpg"": [[802, 9]]}"
ཏྶཱ,I1KG13374.txt,I1KG13374,W1KG13126,"{""I1KG133740728.jpg"": [[363, 6]]}"
རྨྨ,I1KG13377.txt,I1KG13377,W1KG13126,"{""I1KG133770618.jpg"": [[904, 7]]}"
དྡུ,I1KG13378.txt,I1KG13378,W1KG13126,"{""I1KG133780037.jpg"": [[962, 8]]}"
ཙྪཱུ,I1KG13380.txt,I1KG13380,W1KG13126,"{""I1KG133800424.jpg"": [[48, 1]]}"
ནྟྱ,I1KG13380.txt,I1KG13380,W1KG13126,"{""I1KG133800507.jpg"": [[827, 24]]}"
ནྟྱཱ,I1KG13380.txt,I1KG13380,W1KG13126,"{""I1KG133800507.jpg"": [[827, 24]]}"
པྟཱ,I1KG13380.txt,I1KG13380,W1KG13126,"{""I1KG133800535.jpg"": [[349, 16]]}"
པྟཱ,I1KG13380.txt,I1KG13380,W1KG13126,"{""I1KG133800591.jpg"": [[582, 31], [593, 31]]}"
པྟཱ,I1KG13380.txt,I1KG13380,W1KG13126,"{""I1KG133800592.jpg"": [[73, 8]]}"
ཙྪཱུ,I1KG13380.txt,I1KG13380,W1KG13126,"{""I1KG133800603.jpg"": [[481, 4]]}"
ཙྪཱུ,I1KG13380.txt,I1KG13380,W1KG13126,"{""I1KG133800608.jpg"": [[947, 45]]}"
པྟཱ,I1KG13380.txt,I1KG13380,W1KG13126,"{""I1KG133800613.jpg"": [[1189, 48]]}"
གྫ,I1KG13387.txt,I1KG13387,W1KG13126,"{""I1KG133870602.jpg"": [[1056, 11]]}"
ཙྱ,I1KG13388.txt,I1KG13388,W1KG13126,"{""I1KG133880366.jpg"": [[113, 1]]}"
ཙྱུ,I1KG13388.txt,I1KG13388,W1KG13126,"{""I1KG133880366.jpg"": [[113, 1]]}"
ཟྱ,I1KG13389.txt,I1KG13389,W1KG13126,"{""I1KG133890063.jpg"": [[20, 2]]}"
ཏྶཱ,I1KG13389.txt,I1KG13389,W1KG13126,"{""I1KG133890118.jpg"": [[704, 5]]}"
ཏྶཱ,I1KG13389.txt,I1KG13389,W1KG13126,"{""I1KG133890125.jpg"": [[1408, 11]]}"
ཀྟྭ,I1KG13389.txt,I1KG13389,W1KG13126,"{""I1KG133890359.jpg"": [[518, 4]]}"
པྟཱ,I1KG13389.txt,I1KG13389,W1KG13126,"{""I1KG133890413.jpg"": [[572, 4], [579, 4]]}"
མྤྱ,I1KG13389.txt,I1KG13389,W1KG13126,"{""I1KG133890601.jpg"": [[1249, 12]]}"
ཙྪཱུ,I1KG13389.txt,I1KG13389,W1KG13126,"{""I1KG133890672.jpg"": [[178, 4]]}"
ཎྱཱ,I1KG13390.txt,I1KG13390,W1KG13126,"{""I1KG133900063.jpg"": [[108, 1]]}"
ཀྵཱ,I1KG13390.txt,I1KG13390,W1KG13126,"{""I1KG133900377.jpg"": [[1054, 10]]}"
རྞྞཱ,I1KG13390.txt,I1KG13390,W1KG13126,"{""I1KG133900379.jpg"": [[1039, 7]]}"
རྞྞཱ,I1KG13390.txt,I1KG13390,W1KG13126,"{""I1KG133900404.jpg"": [[943, 10]]}"
པྣ,I1KG13390.txt,I1KG13390,W1KG13126,"{""I1KG133900474.jpg"": [[562, 8]]}"
ཛྭཱ,I1KG13391.txt,I1KG13391,W1KG13126,"{""I1KG133910078.jpg"": [[906, 6]]}"
ཀྟྭ,I1KG13391.txt,I1KG13391,W1KG13126,"{""I1KG133910325.jpg"": [[215, 3]]}"
ཐྱཱ,I1KG13391.txt,I1KG13391,W1KG13126,"{""I1KG133910375.jpg"": [[1052, 11]]}"
ཙྪྲ,I1KG13391.txt,I1KG13391,W1KG13126,"{""I1KG133910397.jpg"": [[1192, 8]]}"
ཙྱ,I1KG13391.txt,I1KG13391,W1KG13126,"{""I1KG133910600.jpg"": [[1258, 12]]}"
ཙླ,I1KG13392.txt,I1KG13392,W1KG13126,"{""I1KG133920025.jpg"": [[755, 7]]}"
རྫྫ,I1KG13392.txt,I1KG13392,W1KG13126,"{""I1KG133920033.jpg"": [[353, 3]]}"
སྦྱུ,I1KG13392.txt,I1KG13392,W1KG13126,"{""I1KG133920156.jpg"": [[1156, 8]]}"
དྦ,I1KG13392.txt,I1KG13392,W1KG13126,"{""I1KG133920230.jpg"": [[1064, 10]]}"
དྦྲ,I1KG13392.txt,I1KG13392,W1KG13126,"{""I1KG133920230.jpg"": [[1064, 10]]}"
རྞྞཱ,I1KG13392.txt,I1KG13392,W1KG13126,"{""I1KG133920339.jpg"": [[845, 8]]}"
རྞྞཱ,I1KG13392.txt,I1KG13392,W1KG13126,"{""I1KG133920388.jpg"": [[421, 3]]}"
ཏྶཱ,I1KG13392.txt,I1KG13392,W1KG13126,"{""I1KG133920430.jpg"": [[599, 7]]}"
ཙྱ,I1KG13392.txt,I1KG13392,W1KG13126,"{""I1KG133920436.jpg"": [[151, 1]]}"
ཙླ,I1KG13392.txt,I1KG13392,W1KG13126,"{""I1KG133920473.jpg"": [[943, 8], [952, 8]]}"
ཙླ,I1KG13392.txt,I1KG13392,W1KG13126,"{""I1KG133920474.jpg"": [[1111, 10], [1418, 12], [1427, 12]]}"
ཏྶཱ,I1KG13392.txt,I1KG13392,W1KG13126,"{""I1KG133920536.jpg"": [[89, 1]]}"
ཏྶཱ,I1KG13392.txt,I1KG13392,W1KG13126,"{""I1KG133920539.jpg"": [[53, 2]]}"
ཀླཱ,I1KG13392.txt,I1KG13392,W1KG13126,"{""I1KG133920557.jpg"": [[496, 6]]}"
ཥྱཱ,I1KG13393.txt,I1KG13393,W1KG13126,"{""I1KG133930018.jpg"": [[684, 7]]}"
ཏྶཱ,I1KG13393.txt,I1KG13393,W1KG13126,"{""I1KG133930039.jpg"": [[79, 3]]}"
ཀླཱ,I1KG13393.txt,I1KG13393,W1KG13126,"{""I1KG133930048.jpg"": [[240, 2]]}"
རྨྨ,I1KG13393.txt,I1KG13393,W1KG13126,"{""I1KG133930114.jpg"": [[1022, 12]]}"
ཙྪྲ,I1KG13393.txt,I1KG13393,W1KG13126,"{""I1KG133930247.jpg"": [[770, 9]]}"
ཥྱཱ,I1KG13393.txt,I1KG13393,W1KG13126,"{""I1KG133930319.jpg"": [[1016, 10]]}"
པྲུ,I1KG13393.txt,I1KG13393,W1KG13126,"{""I1KG133930515.jpg"": [[87, 2]]}"
